 -- phpMyAdmin SQL Dump
-- version 5.2.1
-- https://www.phpmyadmin.net/
--
-- Host: 127.0.0.1
-- Generation Time: 10 ููููู 2025 ุงูุณุงุนุฉ 15:27
-- ุฅุตุฏุงุฑ ุงูุฎุงุฏู: 10.4.32-MariaDB
-- PHP Version: 8.2.12

SET SQL_MODE = "NO_AUTO_VALUE_ON_ZERO";
START TRANSACTION;
SET time_zone = "+00:00";


/*!40101 SET @OLD_CHARACTER_SET_CLIENT=@@CHARACTER_SET_CLIENT */;
/*!40101 SET @OLD_CHARACTER_SET_RESULTS=@@CHARACTER_SET_RESULTS */;
/*!40101 SET @OLD_COLLATION_CONNECTION=@@COLLATION_CONNECTION */;
/*!40101 SET NAMES utf8mb4 */;

--
-- Database: `alryada_university_cms`
--

-- --------------------------------------------------------

--
-- ุจููุฉ ุงูุฌุฏูู `about_achievements`
--

CREATE TABLE `about_achievements` (
  `id` int(11) NOT NULL,
  `title` varchar(255) NOT NULL,
  `title_en` varchar(255) NOT NULL,
  `text` text NOT NULL,
  `text_en` text NOT NULL,
  `icon` varchar(50) NOT NULL,
  `achievement_order` int(11) NOT NULL,
  `created_at` timestamp NOT NULL DEFAULT current_timestamp(),
  `updated_at` timestamp NOT NULL DEFAULT current_timestamp() ON UPDATE current_timestamp()
) ENGINE=InnoDB DEFAULT CHARSET=utf8mb4 COLLATE=utf8mb4_general_ci;

--
-- ุฅุฑุฌุงุน ุฃู ุงุณุชูุฑุงุฏ ุจูุงูุงุช ุงูุฌุฏูู `about_achievements`
--

INSERT INTO `about_achievements` (`id`, `title`, `title_en`, `text`, `text_en`, `icon`, `achievement_order`, `created_at`, `updated_at`) VALUES
(1, 'ุงูุงุนุชูุงุฏ ุงูุฃูุงุฏููู', 'Academic Accreditation', 'ุญุตูุช ุงูุฌุงูุนุฉ ุนูู ุงูุงุนุชูุงุฏ ุงูุฃูุงุฏููู ุงููุงูู ูู ููุฆุฉ ุงูุชุนููู ุงูุนุงูู ูุชู ุชุตููููุง ุถูู ุฃูุถู 10 ุฌุงูุนุงุช ุนูู ุงููุณุชูู ุงููุญูู.', 'The university has obtained full academic accreditation from the Higher Education Authority and has been ranked among the top 10 universities at the local level.', '๐', 1, '2025-05-11 20:14:50', '2025-06-15 16:32:36'),
(2, 'ุงูุฌูุงุฆุฒ ูุงูุชูุฑููุงุช', 'Awards and Honors', 'ุญุตุฏุช ุงูุฌุงูุนุฉ ุงูุนุฏูุฏ ูู ุงูุฌูุงุฆุฒ ุงููุญููุฉ ูุงูุฅูููููุฉ ูู ูุฌุงูุงุช ุงูุชุนููู ูุงูุจุญุซ ุงูุนููู ูุงูุงุจุชูุงุฑ.', 'The university has won many local and regional awards in the fields of education, scientific research, and innovation.', '๐', 2, '2025-05-11 20:14:50', '2025-06-15 16:32:36'),
(3, 'ุงูุฃุจุญุงุซ ุงูุนูููุฉ', 'Scientific Research', 'ูุดุฑ ุจุงุญุซู ุงูุฌุงูุนุฉ ุฃูุซุฑ ูู 500 ุจุญุซ ุนููู ูู ูุฌูุงุช ุนุงูููุฉ ูุญููุฉ ุฎูุงู ุงูุณููุงุช ุงูุฎูุณ ุงููุงุถูุฉ.', 'University researchers have published over 500 scientific papers in reputable international journals over the past five years.', '๐ฌ', 3, '2025-05-11 20:14:50', '2025-06-15 16:32:36'),
(4, 'ุงูุดุฑุงูุงุช ุงูุฏูููุฉ', 'International Partnerships', 'ุฃุจุฑูุช ุงูุฌุงูุนุฉ ุดุฑุงูุงุช ุงุณุชุฑุงุชูุฌูุฉ ูุน ุฃูุซุฑ ูู 30 ุฌุงูุนุฉ ููุคุณุณุฉ ุชุนููููุฉ ูุฑูููุฉ ุญูู ุงูุนุงูู.', 'The university has formed strategic partnerships with over 30 prestigious universities and educational institutions around the world.', '๐', 4, '2025-05-11 20:14:50', '2025-06-15 16:32:36');

-- --------------------------------------------------------

--
-- ุจููุฉ ุงูุฌุฏูู `about_achievements_section`
--

CREATE TABLE `about_achievements_section` (
  `id` int(11) NOT NULL,
  `section_title` varchar(255) NOT NULL DEFAULT 'ุฅูุฌุงุฒุงุช ุงูุฌุงูุนุฉ',
  `section_title_en` varchar(255) NOT NULL DEFAULT 'University Achievements',
  `created_at` timestamp NOT NULL DEFAULT current_timestamp(),
  `updated_at` timestamp NOT NULL DEFAULT current_timestamp() ON UPDATE current_timestamp()
) ENGINE=InnoDB DEFAULT CHARSET=utf8mb4 COLLATE=utf8mb4_general_ci;

--
-- ุฅุฑุฌุงุน ุฃู ุงุณุชูุฑุงุฏ ุจูุงูุงุช ุงูุฌุฏูู `about_achievements_section`
--

INSERT INTO `about_achievements_section` (`id`, `section_title`, `section_title_en`, `created_at`, `updated_at`) VALUES
(1, 'ุฅูุฌุงุฒุงุช ุงูุฌุงูุนุฉ', 'University Achievements', '2025-05-11 20:14:21', '2025-05-11 20:14:21');

-- --------------------------------------------------------

--
-- ุจููุฉ ุงูุฌุฏูู `about_features`
--

CREATE TABLE `about_features` (
  `id` int(11) NOT NULL,
  `feature` text NOT NULL,
  `feature_en` text NOT NULL,
  `feature_order` int(11) NOT NULL,
  `about_id` int(11) DEFAULT NULL
) ENGINE=InnoDB DEFAULT CHARSET=utf8mb4 COLLATE=utf8mb4_general_ci;

--
-- ุฅุฑุฌุงุน ุฃู ุงุณุชูุฑุงุฏ ุจูุงูุงุช ุงูุฌุฏูู `about_features`
--

INSERT INTO `about_features` (`id`, `feature`, `feature_en`, `feature_order`, `about_id`) VALUES
(1, 'ุจุฑุงูุฌ ุฃูุงุฏูููุฉ ูุชููุฒุฉ', 'Distinguished Academic Programs', 1, NULL),
(2, 'ููุฆุฉ ุชุฏุฑูุณ ุฐุงุช ููุงุกุฉ ุนุงููุฉ', 'Highly Qualified Teaching Staff', 2, NULL),
(3, 'ูุฑุงูู ุญุฏูุซุฉ ููุชุทูุฑุฉ', 'Modern and Advanced Facilities', 3, NULL),
(4, 'ูุฑุต ุจุญุซูุฉ ูุชููุนุฉ', 'Diverse Research Opportunities', 4, NULL),
(9, 'ุจุฑุงูุฌ ุฃูุงุฏูููุฉ ูุชููุฒุฉ', '', 1, 1),
(10, 'ุจุฑุงูุฌ ุฃูุงุฏูููุฉ ูุชููุฒุฉ', '', 2, 1),
(11, 'ููุฆุฉ ุชุฏุฑูุณ ุฐุงุช ููุงุกุฉ ุนุงููุฉ', '', 3, 1),
(12, 'ููุฆุฉ ุชุฏุฑูุณ ุฐุงุช ููุงุกุฉ ุนุงููุฉ', '', 4, 1),
(13, 'ูุฑุงูู ุญุฏูุซุฉ ููุชุทูุฑุฉ', '', 5, 1),
(14, 'ูุฑุงูู ุญุฏูุซุฉ ููุชุทูุฑุฉ', '', 6, 1),
(15, 'ูุฑุต ุจุญุซูุฉ ูุชููุนุฉ', '', 7, 1),
(16, 'ูุฑุต ุจุญุซูุฉ ูุชููุนุฉ', '', 8, 1);

-- --------------------------------------------------------

--
-- ุจููุฉ ุงูุฌุฏูู `about_guidelines`
--

CREATE TABLE `about_guidelines` (
  `id` int(11) NOT NULL,
  `title` varchar(255) NOT NULL,
  `title_en` varchar(255) NOT NULL,
  `text` text NOT NULL,
  `text_en` text NOT NULL,
  `icon` varchar(50) NOT NULL,
  `guideline_order` int(11) NOT NULL,
  `created_at` timestamp NOT NULL DEFAULT current_timestamp(),
  `updated_at` timestamp NOT NULL DEFAULT current_timestamp() ON UPDATE current_timestamp()
) ENGINE=InnoDB DEFAULT CHARSET=utf8mb4 COLLATE=utf8mb4_general_ci;

--
-- ุฅุฑุฌุงุน ุฃู ุงุณุชูุฑุงุฏ ุจูุงูุงุช ุงูุฌุฏูู `about_guidelines`
--

INSERT INTO `about_guidelines` (`id`, `title`, `title_en`, `text`, `text_en`, `icon`, `guideline_order`, `created_at`, `updated_at`) VALUES
(1, 'ุงููุฌุงุญ ุงูุฃูุงุฏููู', 'Academic Success', 'ุงุญุฑุต ุนูู ุญุถูุฑ ุฌููุน ุงููุญุงุถุฑุงุช ูุชูุธูู ููุชู ุจุดูู ุฌูุฏ. ูู ุจุฅูุดุงุก ุฌุฏูู ูููุฐุงูุฑุฉ ูุงูุงูุชุฒุงู ุจูุ ูุงุณุชูุฏ ูู ุณุงุนุงุช ุงูุฏุนู ุงูุฃูุงุฏููู ุงูุชู ููุฏููุง ุฃุนุถุงุก ููุฆุฉ ุงูุชุฏุฑูุณ.', 'Make sure to attend all lectures and organize your time well. Create a study schedule and stick to it, and take advantage of the academic support hours offered by faculty members.', '๐', 1, '2025-05-11 20:17:07', '2025-06-15 16:40:13'),
(2, 'ุงููุดุงุฑูุฉ ุงููุฌุชูุนูุฉ', 'Community Involvement', 'ุดุงุฑู ูู ุงูุฃูุดุทุฉ ูุงููุนุงููุงุช ุงูุทูุงุจูุฉ ูุงููุฌุชูุนูุฉ ุงูุชู ุชูุธููุง ุงูุฌุงูุนุฉุ ูุงุณุชุซูุฑ ูู ุจูุงุก ุดุจูุฉ ุนูุงูุงุช ููููุฉ ูููุฉ ูุน ุฒููุงุฆู ูุฃุณุงุชุฐุชู.', 'Participate in student and community activities and events organized by the university, and invest in building a strong professional network with your colleagues and professors.', '๐ค', 2, '2025-05-11 20:17:07', '2025-06-15 16:40:13'),
(3, 'ุงูุชุทููุฑ ุงูุฐุงุชู', 'Self Development', 'ุงุญุฑุต ุนูู ุชุทููุฑ ููุงุฑุงุชู ุงูุดุฎุตูุฉ ูุงูููููุฉ ูู ุฎูุงู ุงููุดุงุฑูุฉ ูู ุงูุฏูุฑุงุช ุงูุชุฏุฑูุจูุฉ ููุฑุด ุงูุนูู ุงูุชู ุชูุฏููุง ุงูุฌุงูุนุฉุ ูุงูุงุณุชูุงุฏุฉ ูู ุงูููุงุฑุฏ ุงูุชุนููููุฉ ุงููุชุงุญุฉ.', 'Be keen to develop your personal and professional skills by participating in training courses and workshops offered by the university, and benefit from the available educational resources.', '๐ฑ', 3, '2025-05-11 20:17:07', '2025-06-15 16:40:13'),
(4, 'ุงูุงุณุชุนุฏุงุฏ ูุณูู ุงูุนูู', 'Job Market Readiness', 'ุงุณุชูุฏ ูู ุจุฑุงูุฌ ุงูุชุฏุฑูุจ ุงูุนููู ูุงูุชุฏุฑูุจ ุงูุตูููุ ููู ุจุฅุนุฏุงุฏ ุณูุฑุชู ุงูุฐุงุชูุฉ ุจุดูู ุงุญุชุฑุงููุ ูุงุญุฑุต ุนูู ุญุถูุฑ ููุชููุงุช ุงูุชูุธูู ุงูุชู ุชูุธููุง ุงูุฌุงูุนุฉ.', 'Take advantage of internship and summer training programs, prepare your resume professionally, and make sure to attend the job fairs organized by the university.', '๐ผ', 4, '2025-05-11 20:17:07', '2025-06-15 16:40:13');

-- --------------------------------------------------------

--
-- ุจููุฉ ุงูุฌุฏูู `about_guidelines_section`
--

CREATE TABLE `about_guidelines_section` (
  `id` int(11) NOT NULL,
  `section_title` varchar(255) NOT NULL DEFAULT 'ุฅุฑุดุงุฏุงุช ุทูุงุจูุฉ',
  `section_title_en` varchar(255) NOT NULL,
  `created_at` timestamp NOT NULL DEFAULT current_timestamp(),
  `updated_at` timestamp NOT NULL DEFAULT current_timestamp() ON UPDATE current_timestamp()
) ENGINE=InnoDB DEFAULT CHARSET=utf8mb4 COLLATE=utf8mb4_general_ci;

--
-- ุฅุฑุฌุงุน ุฃู ุงุณุชูุฑุงุฏ ุจูุงูุงุช ุงูุฌุฏูู `about_guidelines_section`
--

INSERT INTO `about_guidelines_section` (`id`, `section_title`, `section_title_en`, `created_at`, `updated_at`) VALUES
(1, 'ุฅุฑุดุงุฏุงุช ุทูุงุจูุฉ', 'Student Guidelines', '2025-05-11 20:16:35', '2025-06-15 16:42:27');

-- --------------------------------------------------------

--
-- ุจููุฉ ุงูุฌุฏูู `about_hero_section`
--

CREATE TABLE `about_hero_section` (
  `id` int(11) NOT NULL,
  `title` varchar(255) NOT NULL DEFAULT 'ุนู ุฌุงูุนุฉ ุงูุฑูุงุฏุฉ',
  `title_en` varchar(255) NOT NULL DEFAULT 'About Al-Riyada University',
  `subtitle` varchar(255) NOT NULL DEFAULT 'ุงููุนุฑูุฉุ ุงูุงุจุชูุงุฑุ ุงููุณุชูุจู',
  `subtitle_en` varchar(255) NOT NULL DEFAULT 'Knowledge, Innovation, Future',
  `background_image` varchar(255) DEFAULT '/images/hero-bg.jpg',
  `created_at` timestamp NOT NULL DEFAULT current_timestamp(),
  `updated_at` timestamp NOT NULL DEFAULT current_timestamp() ON UPDATE current_timestamp()
) ENGINE=InnoDB DEFAULT CHARSET=utf8mb4 COLLATE=utf8mb4_general_ci;

--
-- ุฅุฑุฌุงุน ุฃู ุงุณุชูุฑุงุฏ ุจูุงูุงุช ุงูุฌุฏูู `about_hero_section`
--

INSERT INTO `about_hero_section` (`id`, `title`, `title_en`, `subtitle`, `subtitle_en`, `background_image`, `created_at`, `updated_at`) VALUES
(1, ' ุฌุงูุนุฉ ุงูุฑูุงุฏุฉ', 'About Al-Riyada Universit', 'ุงููุนุฑูุฉุ ุงูุงุจุชูุงุฑุ ุงููุณุชูุจู', 'Knowledge, Innovation, Future', '/images/hero-bg.jpg', '2025-05-11 20:12:47', '2025-07-08 12:42:06');

-- --------------------------------------------------------

--
-- ุจููุฉ ุงูุฌุฏูู `about_intro_section`
--

CREATE TABLE `about_intro_section` (
  `id` int(11) NOT NULL,
  `section_title` varchar(255) NOT NULL DEFAULT 'ูู ูุญู',
  `section_title_en` varchar(255) NOT NULL DEFAULT 'About Us',
  `paragraph_1` text NOT NULL,
  `paragraph_1_en` text NOT NULL,
  `paragraph_2` text NOT NULL,
  `paragraph_2_en` text NOT NULL,
  `created_at` timestamp NOT NULL DEFAULT current_timestamp(),
  `updated_at` timestamp NOT NULL DEFAULT current_timestamp() ON UPDATE current_timestamp()
) ENGINE=InnoDB DEFAULT CHARSET=utf8mb4 COLLATE=utf8mb4_general_ci;

--
-- ุฅุฑุฌุงุน ุฃู ุงุณุชูุฑุงุฏ ุจูุงูุงุช ุงูุฌุฏูู `about_intro_section`
--

INSERT INTO `about_intro_section` (`id`, `section_title`, `section_title_en`, `paragraph_1`, `paragraph_1_en`, `paragraph_2`, `paragraph_2_en`, `created_at`, `updated_at`) VALUES
(1, 'ูู ูุญู', 'About Us', 'ุฃุณุณุช ุฌุงูุนุฉ ุงูุฑูุงุฏุฉ ูู ุนุงู 2018 ุจูุฑุงุฑ ูุฒุงุฑู ูู ูุฒุงุฑุฉ ุงูุชุนููู ุงูุนุงูู ูุงูุจุญุซ ุงูุนููู , ูุชุณูู ูู ุฌูุฏุฉ ุงูุชุนููู ุงูุฌุงูุนู ูุชุญุณูู ูุฎุฑุฌุงุชู ูู ุฎูุงู ุฅูุฌุงุฏ ุจูุฆุฉ ุนูููุฉ ูุชุฌุฏุฏุฉ ูุจุฑุงูุฌ ุฃูุงุฏูููุฉ ุชูุงูุจ ูุชุทูุจุงุช ุงูุนุตุฑ ููู ูุนุงููุฑ ุงูุฌูุฏุฉ ุชูุจู ุญุงุฌุฉ ุงูุณูู ุงูุชูููุฉ ; \n', 'Al-Riyada University offers high-quality education.', 'ูุชุฑูุฏ ุงููุฌุชูุน ูููุงุฏุฑ ูุคููุฉ ุชุณูู ูู ุงูุจูุงุก ูุงูุชูููุฉ ุงููุณุชุฏุงูุฉ ', 'We are committed to developing society through education.', '2025-05-11 20:13:21', '2025-07-05 09:14:00');

-- --------------------------------------------------------

--
-- ุจููุฉ ุงูุฌุฏูู `about_rules`
--

CREATE TABLE `about_rules` (
  `id` int(11) NOT NULL,
  `title` varchar(255) NOT NULL,
  `title_en` varchar(255) NOT NULL,
  `details` text NOT NULL,
  `details_en` text NOT NULL,
  `rule_order` int(11) NOT NULL,
  `created_at` timestamp NOT NULL DEFAULT current_timestamp(),
  `updated_at` timestamp NOT NULL DEFAULT current_timestamp() ON UPDATE current_timestamp()
) ENGINE=InnoDB DEFAULT CHARSET=utf8mb4 COLLATE=utf8mb4_general_ci;

--
-- ุฅุฑุฌุงุน ุฃู ุงุณุชูุฑุงุฏ ุจูุงูุงุช ุงูุฌุฏูู `about_rules`
--

INSERT INTO `about_rules` (`id`, `title`, `title_en`, `details`, `details_en`, `rule_order`, `created_at`, `updated_at`) VALUES
(1, 'ุงููุจูู ูุงูุชุณุฌูู', 'Admission and Registration', 'ูุชู ุงููุจูู ูู ุงูุฌุงูุนุฉ ููููุง ููุนุงููุฑ ูุญุฏุฏุฉ ุชุดูู ุงููุนุฏู ุงูุฃูุงุฏููู ูุงุฎุชุจุงุฑุงุช ุงููุจูู\nูุฌุจ ุนูู ุงูุทูุงุจ ุงูุงูุชุฒุงู ุจููุงุนูุฏ ุงูุชุณุฌูู ุงููุญุฏุฏุฉ ูู ูู ูุตู ุฏุฑุงุณู\nูููู ููุทูุงุจ ุฅุถุงูุฉ ุฃู ุญุฐู ุงูููุฑุฑุงุช ุฎูุงู ุงูุฃุณุจูุนูู ุงูุฃูููู ูู ุงููุตู ุงูุฏุฑุงุณู', 'Admission to the university is based on specific criteria including academic average and admission tests. Students must adhere to the registration deadlines for each semester. Students can add or drop courses within the first two weeks of the semester.', 1, '2025-05-11 20:16:03', '2025-06-15 16:45:40'),
(2, 'ูุธุงู ุงูุฏุฑุงุณุฉ ูุงูุงุฎุชุจุงุฑุงุช', 'Study and Examination System', 'ุชุนุชูุฏ ุงูุฌุงูุนุฉ ูุธุงู ุงูุณุงุนุงุช ุงููุนุชูุฏุฉ ูู ุฌููุน ุงูุจุฑุงูุฌ ุงูุฃูุงุฏูููุฉ\nุงูุญุฏ ุงูุฃุฏูู ูููุฌุงุญ ูู ุงูููุฑุฑุงุช ูู 60%\nูุญู ููุทุงูุจ ุฅุนุงุฏุฉ ุงูููุฑุฑ ุงูุฐู ุฑุณุจ ููู ูู ุงููุตู ุงูุชุงูู', 'The university adopts the credit hour system in all academic programs. The minimum passing grade for courses is 60%. A student is allowed to retake a failed course in the following semester.', 2, '2025-05-11 20:16:03', '2025-06-15 16:45:40'),
(3, 'ุงูุญุถูุฑ ูุงูุบูุงุจ', 'Attendance and Absence', 'ูุฌุจ ุนูู ุงูุทูุงุจ ุญุถูุฑ ูุง ูุง ููู ุนู 75% ูู ุงููุญุงุถุฑุงุช\nูุชู ุญุฑูุงู ุงูุทุงูุจ ูู ุฏุฎูู ุงูุงุฎุชุจุงุฑ ุงูููุงุฆู ุฅุฐุง ุชุฌุงูุฒุช ูุณุจุฉ ุบูุงุจู 25%\nูููู ูุจูู ุงูุฃุนุฐุงุฑ ุงูุทุจูุฉ ูุงูุญุงูุงุช ุงูุทุงุฑุฆุฉ ููู ุถูุงุจุท ูุญุฏุฏุฉ', 'Students must attend at least 75% of lectures. A student will be barred from the final exam if their absence exceeds 25%. Medical excuses and emergency cases may be accepted under specific regulations.', 3, '2025-05-11 20:16:03', '2025-06-15 16:45:40'),
(4, 'ุงูุณููู ูุงูุงูุถุจุงุท', 'Behavior and Discipline', 'ููุชุฒู ุงูุทูุงุจ ุจููุงุนุฏ ุงูุณููู ุงูุนุงู ุฏุงุฎู ุงูุญุฑู ุงูุฌุงูุนู\nูุญุธุฑ ุงูุชุฏุฎูู ุฏุงุฎู ุงููุจุงูู ูุงููุงุนุงุช ุงูุฏุฑุงุณูุฉ\nูุชู ุงุชุฎุงุฐ ุฅุฌุฑุงุกุงุช ุชุฃุฏูุจูุฉ ุถุฏ ุญุงูุงุช ุงูุบุด ุฃู ุงูุงูุชุญุงู ุงูุนููู', 'Students adhere to the rules of public conduct within the campus. Smoking is prohibited inside buildings and classrooms. Disciplinary action will be taken against cases of cheating or academic dishonesty.', 4, '2025-05-11 20:16:03', '2025-06-15 16:45:40');

-- --------------------------------------------------------

--
-- ุจููุฉ ุงูุฌุฏูู `about_rules_section`
--

CREATE TABLE `about_rules_section` (
  `id` int(11) NOT NULL,
  `section_title` varchar(255) NOT NULL DEFAULT 'ููุงููู ุงูุฌุงูุนุฉ',
  `section_title_en` varchar(255) NOT NULL,
  `created_at` timestamp NOT NULL DEFAULT current_timestamp(),
  `updated_at` timestamp NOT NULL DEFAULT current_timestamp() ON UPDATE current_timestamp()
) ENGINE=InnoDB DEFAULT CHARSET=utf8mb4 COLLATE=utf8mb4_general_ci;

--
-- ุฅุฑุฌุงุน ุฃู ุงุณุชูุฑุงุฏ ุจูุงูุงุช ุงูุฌุฏูู `about_rules_section`
--

INSERT INTO `about_rules_section` (`id`, `section_title`, `section_title_en`, `created_at`, `updated_at`) VALUES
(1, 'ููุงููู ุงูุฌุงูุนุฉ', 'University Rules', '2025-05-11 20:15:34', '2025-06-15 16:47:24');

-- --------------------------------------------------------

--
-- ุจููุฉ ุงูุฌุฏูู `about_statistics`
--

CREATE TABLE `about_statistics` (
  `id` int(11) NOT NULL,
  `number` varchar(50) NOT NULL,
  `label` varchar(255) NOT NULL,
  `label_en` varchar(255) NOT NULL,
  `stat_order` int(11) NOT NULL,
  `created_at` timestamp NOT NULL DEFAULT current_timestamp(),
  `updated_at` timestamp NOT NULL DEFAULT current_timestamp() ON UPDATE current_timestamp()
) ENGINE=InnoDB DEFAULT CHARSET=utf8mb4 COLLATE=utf8mb4_general_ci;

--
-- ุฅุฑุฌุงุน ุฃู ุงุณุชูุฑุงุฏ ุจูุงูุงุช ุงูุฌุฏูู `about_statistics`
--

INSERT INTO `about_statistics` (`id`, `number`, `label`, `label_en`, `stat_order`, `created_at`, `updated_at`) VALUES
(1, '5000+', 'ุทุงูุจ ูุทุงูุจุฉ', 'Students', 1, '2025-05-11 20:13:55', '2025-06-15 16:48:58'),
(2, '200+', 'ุนุถู ููุฆุฉ ุชุฏุฑูุณ', 'Faculty Members', 2, '2025-05-11 20:13:55', '2025-06-15 16:48:58'),
(3, '20+', 'ุจุฑูุงูุฌ ุฃูุงุฏููู', 'Academic Program', 4, '2025-05-11 20:13:55', '2025-07-05 09:14:00'),
(4, '15+', 'ุณูุฉ ูู ุงูุชููุฒ', 'Years of Excellence', 3, '2025-05-11 20:13:55', '2025-07-05 09:14:00');

-- --------------------------------------------------------

--
-- ุจููุฉ ุงูุฌุฏูู `about_stats`
--

CREATE TABLE `about_stats` (
  `id` int(11) NOT NULL,
  `number` varchar(50) NOT NULL,
  `label` varchar(100) NOT NULL,
  `label_en` varchar(100) NOT NULL,
  `stat_order` int(11) NOT NULL,
  `about_id` int(11) DEFAULT NULL
) ENGINE=InnoDB DEFAULT CHARSET=utf8mb4 COLLATE=utf8mb4_general_ci;

--
-- ุฅุฑุฌุงุน ุฃู ุงุณุชูุฑุงุฏ ุจูุงูุงุช ุงูุฌุฏูู `about_stats`
--

INSERT INTO `about_stats` (`id`, `number`, `label`, `label_en`, `stat_order`, `about_id`) VALUES
(1, '20+', 'ุจุฑูุงูุฌ ุฃูุงุฏููู', 'Academic Program', 1, NULL),
(2, '5000+', 'ุทุงูุจ ูุทุงูุจุฉ', 'Students', 2, NULL),
(3, '200+', 'ุนุถู ููุฆุฉ ุชุฏุฑูุณ', 'Faculty Members', 3, NULL),
(4, '15+', 'ุณูุฉ ูู ุงูุชููุฒ', 'Years of Excellence', 4, NULL),
(5, '30+', 'ุดุฑุงูุงุช ุฏูููุฉ', 'International Partnerships', 5, NULL),
(11, '5000+', 'ุทุงูุจ ูุทุงูุจุฉ', '', 1, 1),
(12, '200+', 'ุนุถู ููุฆุฉ ุชุฏุฑูุณ', '', 2, 1),
(13, '20+', 'ุจุฑูุงูุฌ ุฃูุงุฏููู', '', 3, 1),
(14, '15+', 'ุณูุฉ ูู ุงูุชููุฒ', '', 4, 1);

-- --------------------------------------------------------

--
-- ุจููุฉ ุงูุฌุฏูู `about_university`
--

CREATE TABLE `about_university` (
  `id` int(11) NOT NULL,
  `title` varchar(255) NOT NULL,
  `title_en` varchar(255) NOT NULL,
  `description` text NOT NULL,
  `description_en` text NOT NULL,
  `read_more_link` varchar(255) DEFAULT '/about',
  `last_updated` timestamp NOT NULL DEFAULT current_timestamp() ON UPDATE current_timestamp()
) ENGINE=InnoDB DEFAULT CHARSET=utf8mb4 COLLATE=utf8mb4_general_ci;

--
-- ุฅุฑุฌุงุน ุฃู ุงุณุชูุฑุงุฏ ุจูุงูุงุช ุงูุฌุฏูู `about_university`
--

INSERT INTO `about_university` (`id`, `title`, `title_en`, `description`, `description_en`, `read_more_link`, `last_updated`) VALUES
(1, 'ุนู ุงูุฌุงูุนุฉ', 'About the University', 'ุฌุงูุนุฉ ุงูุฑูุงุฏุฉ ูู ูุคุณุณุฉ ุชุนููููุฉ ุฑุงุฆุฏุฉ ุชูุฏู ุจุฑุงูุฌ ุฃูุงุฏูููุฉ ูุชููุฒุฉ.', 'Al-Riyada University is a leading educational institution offering distinguished academic programs.', '/about', '2025-06-14 17:47:53');

-- --------------------------------------------------------

--
-- ุจููุฉ ุงูุฌุฏูู `academic_programs`
--

CREATE TABLE `academic_programs` (
  `id` int(11) NOT NULL,
  `college_id` int(11) NOT NULL,
  `name_ar` varchar(255) NOT NULL,
  `name_en` varchar(255) DEFAULT NULL,
  `hero_title` varchar(255) DEFAULT NULL,
  `hero_subtitle` varchar(255) DEFAULT NULL,
  `hero_image_url` varchar(255) DEFAULT NULL,
  `about_text` text DEFAULT NULL,
  `created_at` timestamp NOT NULL DEFAULT current_timestamp(),
  `updated_at` timestamp NOT NULL DEFAULT current_timestamp() ON UPDATE current_timestamp()
) ENGINE=InnoDB DEFAULT CHARSET=utf8mb4 COLLATE=utf8mb4_general_ci;

--
-- ุฅุฑุฌุงุน ุฃู ุงุณุชูุฑุงุฏ ุจูุงูุงุช ุงูุฌุฏูู `academic_programs`
--

INSERT INTO `academic_programs` (`id`, `college_id`, `name_ar`, `name_en`, `hero_title`, `hero_subtitle`, `hero_image_url`, `about_text`, `created_at`, `updated_at`) VALUES
(1, 1, 'ุชูููุฉ ุงููุนูููุงุช', 'Information Technology', 'ุชูููุฉ ุงููุนูููุงุช', 'ุจูุงุก ุงููุณุชูุจู ุงูุฑููู ูุชุทููุฑ ุญููู ุชูููุฉ ูุจุชูุฑุฉ', '/images/it-hero.jpg', 'ููุฏู ุชุฎุตุต ุชูููุฉ ุงููุนูููุงุช ุฅูู ุชุฒููุฏ ุงูุทูุงุจ ุจุงููุนุงุฑู ูุงูููุงุฑุงุช ุงููุงุฒูุฉ ูุชุตููู ูุชุทููุฑ ูุฅุฏุงุฑุฉ ุฃูุธูุฉ ุงููุนูููุงุช ูุงูุชุทุจููุงุช ุงูุจุฑูุฌูุฉุ ูุน ุงูุชุฑููุฒ ุนูู ุงูุชูููุงุช ุงูุญุฏูุซุฉ ูุซู ุงูุฐูุงุก ุงูุงุตุทูุงุนู ูุงูุจูุงูุงุช ุงูุถุฎูุฉ. ูุชููุฒ ูุฐุง ุงูุชุฎุตุต ุจุชููุน ุงููุฌุงูุงุช ุงูุชู ูุบุทููุงุ ูู ุชุทููุฑ ุงูุจุฑูุฌูุงุช ุฅูู ุฃูู ุงููุนูููุงุช ูุฅุฏุงุฑุฉ ุงูุดุจูุงุชุ ููุง ูููุญ ุงูุฎุฑูุฌูู ูุฑุตูุง ูุธูููุฉ ูุงุณุนุฉ ูู ูุฎุชูู ุงููุทุงุนุงุช ุงูุชูููุฉ.', '2025-06-01 19:12:52', '2025-06-29 03:59:33'),
(2, 1, 'ุงูููุฏุณุฉ ุงููุนูุงุฑูุฉ', 'Architecture', 'ุงูููุฏุณุฉ ุงููุนูุงุฑูุฉ', 'ุชุตููู ุงููุณุชูุจู ูุจูุงุก ุนุงูู ุฃูุถู', '/images/architecture-hero.jpg', 'ููุฏู ุชุฎุตุต ุงูููุฏุณุฉ ุงููุนูุงุฑูุฉ ุฅูู ุชุฒููุฏ ุงูุทูุงุจ ุจุงููุนุงุฑู ูุงูููุงุฑุงุช ุงููุงุฒูุฉ ูุชุตููู ุงููุจุงูู ูุงูููุดุขุช ุจุทุฑููุฉ ุชุฌูุน ุจูู ุงูุฌูุงู ูุงููุธููุฉ ูุงูุงุณุชุฏุงูุฉ. ูุชููุฒ ูุฐุง ุงูุชุฎุตุต ุจุงูุชุฑููุฒ ุนูู ุงูุฅุจุฏุงุน ูุงูุงุจุชูุงุฑุ ูุน ุงูุงูุชูุงู ุจุงูุฌูุงูุจ ุงููููุฉ ูุงูููุฏุณูุฉ ูุงูุจูุฆูุฉ ูู ุงูุชุตููู ุงููุนูุงุฑูุ ูุชุทุจูู ุฃุญุฏุซ ุงูุชูููุงุช ูู ูุฌุงู ุงูุจูุงุก ูุงูุชุดููุฏ.', '2025-06-03 11:43:24', '2025-06-05 14:18:16'),
(3, 3, 'ุงููุญุงุณุจุฉ', 'Accounting', 'ุจุฑูุงูุฌ ุงููุญุงุณุจุฉ ุงููุชููุฒ', 'ุงูุชุดู ูุณุชูุจู ุงูุฃุฑูุงู ูุงูุชุญููู ุงููุงูู ูุนูุง.', '/images/accounting-hero.jpg', 'ููุฏู ุชุฎุตุต ุงููุญุงุณุจุฉ ุฅูู ุชุฒููุฏ ุงูุทูุงุจ ุจุงููุนุฑูุฉ ูุงูููู ุงูุนููู ูููุจุงุฏุฆ ูุงูููุงุฑุณุงุช ุงููุญุงุณุจูุฉ ุงูุญุฏูุซุฉุ ูุชูููููู ูู ุชุญููู ุงูุจูุงูุงุช ุงููุงููุฉ ูุงุชุฎุงุฐ ุงููุฑุงุฑุงุช ุงูุงูุชุตุงุฏูุฉ ุงูุฑุดูุฏุฉ.ูุบุทู ุงูุจุฑูุงูุฌ ูุฌุงูุงุช ูุชููุนุฉ ูุซู ุงููุญุงุณุจุฉ ุงููุงููุฉุ ูุญุงุณุจุฉ ุงูุชูุงูููุ ุงููุฑุงุฌุนุฉุ ุงูุถุฑุงุฆุจุ ูุงููุญุงุณุจุฉ ุงูุฅุฏุงุฑูุฉุ ูุน ุงูุชุฑููุฒ ุนูู ุงุณุชุฎุฏุงู ุงูุชูููููุฌูุง ูู ุงููุญุงุณุจุฉ ูุชุทุจูู ุงููุนุงููุฑ ุงูุฏูููุฉ.', '2025-06-04 14:39:00', '2025-06-04 14:49:02'),
(4, 3, 'ุฅุฏุงุฑุฉ ุงูุฃุนูุงู', 'Business Management', 'ุฅุฏุงุฑุฉ ุงูุฃุนูุงู', 'ูุตูุน ูุงุฏุฉ ุงููุณุชูุจู ูู ุนุงูู ุงูุฃุนูุงู', '/images/business-management-hero.jpg', '<p>ููุฏู ุชุฎุตุต ุฅุฏุงุฑุฉ ุงูุฃุนูุงู ุฅูู ุชุฒููุฏ ุงูุทูุงุจ ุจุงููุนุงุฑู ูุงูููุงุฑุงุช ุงููุงุฒูุฉ ูุฅุฏุงุฑุฉ ุงููุคุณุณุงุช ุจููุงุกุฉ ูุงุญุชุฑุงููุฉุ ูุน ุงูุชุฑููุฒ ุนูู ุงูููุงุฏุฉุ ุงูุชุฎุทูุทุ ุงูุชูุธููุ ูุงุชุฎุงุฐ ุงููุฑุงุฑ.</p><p>ูุชููุฒ ูุฐุง ุงูุชุฎุตุต ุจุชููุน ุงููุฌุงูุงุช ุงูุชู ูุบุทููุงุ ูู ุฅุฏุงุฑุฉ ุงูููุงุฑุฏ ุงูุจุดุฑูุฉ ุฅูู ุงูุชุณููู ูุงูุชููููุ ููุง ูููุญ ุงูุฎุฑูุฌูู ูุฑุตูุง ูุธูููุฉ ูุงุณุนุฉ ูู ูุฎุชูู ุงููุทุงุนุงุช.</p>', '2025-06-04 14:57:16', '2025-06-04 14:57:32'),
(5, 3, 'ุงูุชูููู ูุงูุงุณุชุซูุงุฑ', 'Finance', 'ุงูุชูููู ูุงูุงุณุชุซูุงุฑ', 'ุจูุงุก ูุณุชูุจู ูุงูู ูุงุฌุญ ูุงุณุชุซูุงุฑุงุช ุฐููุฉ', '/images/finance-hero.jpg', 'ูุฑูุฒ ุชุฎุตุต ุงูุชูููู ูุงูุงุณุชุซูุงุฑ ุนูู ุชุฒููุฏ ุงูุทูุงุจ ุจุงููุนุฑูุฉ ูู ูุฌุงูุงุช ุงูุชุญููู ุงููุงููุ ูุฅุฏุงุฑุฉ ุงููุญุงูุธ ุงูุงุณุชุซูุงุฑูุฉุ ูุงูุชูููู ุงูุฏูููุ ูุงูุฃุณูุงู ุงููุงููุฉ.ูุชููุฒ ูุฐุง ุงูุชุฎุตุต ุจุชุฃููู ุงูุทูุงุจ ููุชุนุงูู ูุน ุงูุชุญุฏูุงุช ุงููุงููุฉ ุงููุนุงุตุฑุฉุ ูููู ุขููุงุช ุงูุงุณุชุซูุงุฑุ ูุชูููู ุงููุฎุงุทุฑ ุงููุงููุฉุ ูุฅุฏุงุฑุฉ ุงูุฃุตูู ุจููุงุกุฉ.', '2025-06-04 14:58:35', '2025-06-04 15:04:41'),
(6, 3, 'ุงูุชุณููู', 'Marketing', 'ุงูุชุณููู', 'ุงุจุชูุงุฑ ุงุณุชุฑุงุชูุฌูุงุช ุชุณููููุฉ ุชุตูุน ุงููุฑู', '/images/marketing-hero.jpg', '<p>ููุฏู ุชุฎุตุต ุงูุชุณููู ุฅูู ุฅุนุฏุงุฏ ุงูุทูุงุจ ูููู ุณููู ุงููุณุชูููุ ูุชุทููุฑ ุงุณุชุฑุงุชูุฌูุงุช ุชุณููููุฉ ูุนูุงูุฉุ ูุงุณุชุฎุฏุงู ุฃุฏูุงุช ุงูุชุณููู ุงูุฑููู ุงูุญุฏูุซุฉ.</p><p>ูุชููุฒ ูุฐุง ุงูุชุฎุตุต ุจุชุฑููุฒู ุนูู ุงูุฌูุงูุจ ุงูุฅุจุฏุงุนูุฉ ูุงูุชุญููููุฉ ููุชุณูููุ ููุง ูุคูู ุงูุฎุฑูุฌูู ููุนูู ูู ูุฌุงูุงุช ูุชููุนุฉ ูุซู ุฅุฏุงุฑุฉ ุงูุนูุงูุงุช ุงูุชุฌุงุฑูุฉุ ูุงูุชุณููู ุงูุฑูููุ ูุจุญูุซ ุงูุณูู.</p>', '2025-06-04 15:00:17', '2025-06-04 15:04:53'),
(7, 2, 'ุทุจ ุงูุฃุณูุงู', 'Dentistry', 'ุทุจ ุงูุฃุณูุงู', 'ุงุจุชุณุงูุฉ ุตุญูุฉ ูุญูุงุฉ ุฃูุถู', '/images/dentistry-hero.jpg', '<p>ููุฏู ุชุฎุตุต ุทุจ ุงูุฃุณูุงู ุฅูู ุชุฒููุฏ ุงูุทูุงุจ ุจุงููุนุงุฑู ูุงูููุงุฑุงุช ุงููุงุฒูุฉ ูุชุดุฎูุต ูุนูุงุฌ ุฃูุฑุงุถ ุงููู ูุงูุฃุณูุงูุ ูุฅุฌุฑุงุก ูุฎุชูู ุงูุนูููุงุช ุงูุฌุฑุงุญูุฉ ูุงูุชุฑููููุฉุ ูุน ุงูุชุฑููุฒ ุนูู ุงูููุงูุฉ ูุชุนุฒูุฒ ุตุญุฉ ุงููู.</p><p>ูุชููุฒ ูุฐุง ุงูุชุฎุตุต ุจุงูุชุฏุฑูุจ ุงูุนููู ุงูููุซู ูู ุงูุนูุงุฏุงุช ุงููุชุทูุฑุฉุ ูุงุณุชุฎุฏุงู ุฃุญุฏุซ ุงูุชูููุงุช ูุงูููุงุฏ ูู ูุฌุงู ุทุจ ุงูุฃุณูุงูุ ููุง ูุคูู ุงูุฎุฑูุฌูู ููุนูู ูู ูุฎุชูู ูุฌุงูุงุช ุทุจ ุงูุฃุณูุงู ุงูุชุฎุตุตูุฉ.</p>', '2025-06-04 15:02:00', '2025-06-04 15:05:08'),
(8, 2, 'ุงููุฎุชุจุฑุงุช ุงูุทุจูุฉ', 'MedicalLaboratorySciences', 'ุงููุฎุชุจุฑุงุช ุงูุทุจูุฉ', 'ุฏูุฉ ุงูุชุดุฎูุต ูุฑุนุงูุฉ ุตุญูุฉ ูุชููุฒุฉ', '/images/laboratory-hero.jpg', 'ููุฏู ุชุฎุตุต ุงููุฎุชุจุฑุงุช ุงูุทุจูุฉ ุฅูู ุชุฒููุฏ ุงูุทูุงุจ ุจุงููุนุงุฑู ูุงูููุงุฑุงุช ุงููุงุฒูุฉ ูุฅุฌุฑุงุก ุงููุญูุตุงุช ุงููุฎุจุฑูุฉ ุงููุฎุชููุฉุ ูุชุญููู ุงูุนููุงุช ุงูุจููููุฌูุฉุ ูุชูุณูุฑ ุงููุชุงุฆุฌุ ููุง ูุณุงูู ูู ุชุดุฎูุต ุงูุฃูุฑุงุถ ููุชุงุจุนุฉ ุงูุนูุงุฌ. ูุชููุฒ ูุฐุง ุงูุชุฎุตุต ุจุงูุชุฏุฑูุจ ุงูุนููู ุงูููุซู ูู ุงููุฎุชุจุฑุงุช ุงููุชุทูุฑุฉุ ูุงุณุชุฎุฏุงู ุฃุญุฏุซ ุงูุชูููุงุช ูุงูุฃุฌูุฒุฉ ูู ูุฌุงู ุงูุชุญุงููู ุงูุทุจูุฉุ ููุง ูุคูู ุงูุฎุฑูุฌูู ููุนูู ูู ูุฎุชูู ุงููุฌุงูุงุช ุงููุฎุจุฑูุฉ ุงูุชุฎุตุตูุฉ.', '2025-06-04 15:02:24', '2025-06-05 16:31:35'),
(9, 2, 'ุงูุทุจ ุงูุจุดุฑู', 'Medicine', 'ุงูุทุจ ุงูุจุดุฑู', 'ุฑุนุงูุฉ ุตุญูุฉ ูุชููุฒุฉ ููุณุชูุจู ุฃูุถู', '/images/medicine-hero.jpg', 'ููุฏู ุชุฎุตุต ุงูุทุจ ุงูุจุดุฑู ุฅูู ุชุฒููุฏ ุงูุทูุงุจ ุจุงููุนุงุฑู ูุงูููุงุฑุงุช ุงููุงุฒูุฉ ูุชุดุฎูุต ูุนูุงุฌ ุงูุฃูุฑุงุถุ ูุงูููุงูุฉ ูููุงุ ูุชุนุฒูุฒ ุงูุตุญุฉ ุงูุนุงูุฉุ ูุน ุงูุชุฑููุฒ ุนูู ุงูุฑุนุงูุฉ ุงูุตุญูุฉ ุงูุดุงููุฉ ูุงููุชูุงููุฉ. ูุชููุฒ ูุฐุง ุงูุชุฎุตุต ุจุชูุงูู ุงูุนููู ุงูุฃุณุงุณูุฉ ูุน ุงูุชุฏุฑูุจ ุงูุณุฑูุฑูุ ูุชุทุจูู ุฃุญุฏุซ ุงูุชูููุงุช ูุงูุฃุจุญุงุซ ุงูุทุจูุฉุ ููุง ูุคูู ุงูุฎุฑูุฌูู ููุนูู ูู ูุฎุชูู ุงููุฌุงูุงุช ุงูุทุจูุฉ ูุงูุชุฎุตุตุงุช ุงูุฏูููุฉ.', '2025-06-04 15:02:38', '2025-06-05 16:31:19'),
(10, 2, 'ุงูุตูุฏูุฉ', 'Pharmacy', 'ุงูุตูุฏูุฉ', 'ุนูุงุฌ ุขูู ููุนุงู ูุตุญุฉ ุฃูุถู', '/images/pharmacy-hero.jpg', 'ููุฏู ุชุฎุตุต ุงูุตูุฏูุฉ ุฅูู ุชุฒููุฏ ุงูุทูุงุจ ุจุงููุนุงุฑู ูุงูููุงุฑุงุช ุงููุงุฒูุฉ ูู ูุฌุงู ุงูุฃุฏููุฉ ูุชุฑููุจูุง ูุชุตููุนูุง ูุขููุฉ ุนูููุงุ ูููููุฉ ุตุฑููุง ููุฑุงูุจุฉ ุขุซุงุฑูุงุ ูุน ุงูุชุฑููุฒ ุนูู ุงูุงุณุชุฎุฏุงู ุงูุขูู ูุงููุนุงู ููุนูุงุฌุงุช. ูุชููุฒ ูุฐุง ุงูุชุฎุตุต ุจุงูุชุฏุฑูุจ ุงูุนููู ูู ุงููุนุงูู ูุงูุตูุฏููุงุชุ ูุฏุฑุงุณุฉ ุงูุชูุงุนูุงุช ุงูุฏูุงุฆูุฉ ูุงูุขุซุงุฑ ุงูุฌุงูุจูุฉุ ููุง ูุคูู ุงูุฎุฑูุฌูู ููุนูู ูู ูุฎุชูู ุงููุฌุงูุงุช ุงูุตูุฏูุงููุฉ ูุงูุฏูุงุฆูุฉ.', '2025-06-04 15:02:56', '2025-06-05 16:31:03');

-- --------------------------------------------------------

--
-- ุจููุฉ ุงูุฌุฏูู `activities`
--

CREATE TABLE `activities` (
  `id` int(11) NOT NULL,
  `title_ar` varchar(255) NOT NULL,
  `title_en` varchar(255) NOT NULL,
  `slug` varchar(255) NOT NULL,
  `description_ar` text NOT NULL,
  `description_en` text NOT NULL,
  `content_ar` longtext DEFAULT NULL,
  `content_en` longtext DEFAULT NULL,
  `location_ar` varchar(255) DEFAULT NULL,
  `location_en` varchar(255) DEFAULT NULL,
  `start_date` datetime NOT NULL,
  `end_date` datetime DEFAULT NULL,
  `category_id` int(11) DEFAULT NULL,
  `organizer_ar` varchar(255) DEFAULT NULL,
  `organizer_en` varchar(255) DEFAULT NULL,
  `featured_image` varchar(255) DEFAULT NULL,
  `status` enum('draft','published','archived','cancelled') DEFAULT 'draft',
  `contact_info` text DEFAULT NULL,
  `created_by` int(11) DEFAULT NULL,
  `created_at` timestamp NOT NULL DEFAULT current_timestamp(),
  `updated_at` timestamp NOT NULL DEFAULT current_timestamp() ON UPDATE current_timestamp()
) ENGINE=InnoDB DEFAULT CHARSET=utf8mb4 COLLATE=utf8mb4_unicode_ci;

--
-- ุฅุฑุฌุงุน ุฃู ุงุณุชูุฑุงุฏ ุจูุงูุงุช ุงูุฌุฏูู `activities`
--

INSERT INTO `activities` (`id`, `title_ar`, `title_en`, `slug`, `description_ar`, `description_en`, `content_ar`, `content_en`, `location_ar`, `location_en`, `start_date`, `end_date`, `category_id`, `organizer_ar`, `organizer_en`, `featured_image`, `status`, `contact_info`, `created_by`, `created_at`, `updated_at`) VALUES
(1, 'ุงููุคุชูุฑ ุงูุนููู ุงูุฏููู', 'International Scientific Conference', 'international-scientific-conference', 'ูุคุชูุฑ ุนููู ุฏููู ููุงูุด ุฃุญุฏุซ ุงูุชุทูุฑุงุช ูู ูุฌุงู ุงูุฐูุงุก ุงูุงุตุทูุงุนู ูุชุทุจููุงุชู ูู ุงูุชุนููู ุงูุนุงูู', 'International scientific conference discussing the latest developments in artificial intelligence and its applications in higher education', '<p>ูุณุฑ ุฌุงูุนุฉ ุงูุฑูุงุฏุฉ ุฃู ุชุณุชุถูู ุงููุคุชูุฑ ุงูุนููู ุงูุฏููู ุญูู \"ุงูุฐูุงุก ุงูุงุตุทูุงุนู ูุชุทุจููุงุชู ูู ุงูุชุนููู ุงูุนุงูู\" ูุงูุฐู ุณููุงู ูู ูุงุนุฉ ุงููุคุชูุฑุงุช ุงููุจุฑู ุจุงูุฌุงูุนุฉ.</p><h3>ูุญุงูุฑ ุงููุคุชูุฑ:</h3><ul><li>ุชุทุจููุงุช ุงูุฐูุงุก ุงูุงุตุทูุงุนู ูู ุงูุชุนููู ุงูุนุงูู</li><li>ุงูุชุนูู ุงูุขูู ูุชุญููู ุงูุจูุงูุงุช ุงูุชุนููููุฉ</li><li>ุงูุฑูุจูุชุงุช ุงูุชุนููููุฉ ูุงูุชุนูู ุงูุชูุงุนูู</li><li>ุฃุฎูุงููุงุช ุงุณุชุฎุฏุงู ุงูุฐูุงุก ุงูุงุตุทูุงุนู ูู ุงูุชุนููู</li><li>ูุณุชูุจู ุงูุชุนููู ูู ุธู ุชูููุงุช ุงูุฐูุงุก ุงูุงุตุทูุงุนู</li></ul><h3>ุงููุชุญุฏุซูู ุงูุฑุฆูุณููู:</h3><ul><li>ุงูุจุฑูููุณูุฑ ุฃุญูุฏ ูุญูุฏ - ุฌุงูุนุฉ ุงููุงูุฑุฉ</li><li>ุงูุฏูุชูุฑุฉ ุณุงุฑุฉ ุงูุฃุญูุฏ - ุฌุงูุนุฉ ุงูููู ุณุนูุฏ</li><li>ุงูุจุฑูููุณูุฑ ุฌูู ุณููุซ - ุฌุงูุนุฉ ุฃูุณููุฑุฏ</li><li>ุงูุฏูุชูุฑ ุนูู ุงูุฒูุฑุงูู - ุฌุงูุนุฉ ุงูููู ุนุจุฏุงููู ููุนููู ูุงูุชูููุฉ</li></ul><p>ูุณุชูุฏู ุงููุคุชูุฑ ุงูุจุงุญุซูู ูุงูุฃูุงุฏููููู ูุงูุทูุงุจ ุงูููุชููู ุจูุฌุงู ุงูุฐูุงุก ุงูุงุตุทูุงุนู ูุชุทุจููุงุชู ูู ุงูุชุนููู ุงูุนุงูู. ุณูุชู ุชูุฏูู ุฃูุฑุงู ุจุญุซูุฉ ูุนุฑูุถ ุชูุฏูููุฉ ููุฑุด ุนูู ุนูู ูุฏุงุฑ ุซูุงุซุฉ ุฃูุงู.</p><p>ููุชุณุฌูู ูุงููุดุงุฑูุฉุ ูุฑุฌู ุงูุชูุงุตู ูุน ุฅุฏุงุฑุฉ ุงููุคุชูุฑุงุช ุจุงูุฌุงูุนุฉ.</p>', '<p>Al-Riyadah University is pleased to host the International Scientific Conference on \"Artificial Intelligence and its Applications in Higher Education\", which will be held in the university\'s grand conference hall.</p><h3>Conference Themes:</h3><ul><li>Applications of Artificial Intelligence in Higher Education</li><li>Machine Learning and Educational Data Analysis</li><li>Educational Robotics and Interactive Learning</li><li>Ethics of Using AI in Education</li><li>The Future of Education in Light of AI Technologies</li></ul><h3>Keynote Speakers:</h3><ul><li>Professor Ahmed Mohamed - Cairo University</li><li>Dr. Sarah Al-Ahmad - King Saud University</li><li>Professor John Smith - Oxford University</li><li>Dr. Ali Al-Zahrani - King Abdullah University of Science and Technology</li></ul><p>The conference targets researchers, academics, and students interested in the field of artificial intelligence and its applications in higher education. Research papers, presentations, and workshops will be presented over three days.</p><p>For registration and participation, please contact the university\'s conference management.</p>', 'ูุงุนุฉ ุงููุคุชูุฑุงุช ุงููุจุฑู', 'Grand Conference Hall', '2023-12-15 09:00:00', '2023-12-17 18:00:00', 1, 'ูููุฉ ุนููู ุงูุญุงุณุจ ูุงูุฐูุงุก ุงูุงุตุทูุงุนู', 'College of Computer Science and Artificial Intelligence', '/a/1.jpg', 'published', NULL, NULL, '2025-07-06 14:04:28', '2025-07-09 16:48:23'),
(2, 'ูุดุงุฑูุน ุงูุทูุงุจ', 'Student Projects Exhibition', 'student-projects-exhibition', 'ูุนุฑุถ ุณููู ูุนุฑุถ ูุดุงุฑูุน ุทูุงุจ ูููุฉ ุงูููุฏุณุฉ ูุงูุชูููููุฌูุง ูุชูุฑูู ุงููุดุงุฑูุน ุงููุชููุฒุฉ', 'Annual exhibition showcasing projects by students of the Faculty of Engineering and Technology and honoring distinguished projects', '<p>ุชูุธู ูููุฉ ุงูููุฏุณุฉ ูุงูุชูููููุฌูุง ุงููุนุฑุถ ุงูุณููู ููุดุงุฑูุน ุงูุทูุงุจุ ุญูุซ ูุชู ุนุฑุถ ุฃูุถู ุงููุดุงุฑูุน ุงูุชู ูุงู ุจูุง ุทูุงุจ ุงููููุฉ ุฎูุงู ุงูุนุงู ุงูุฏุฑุงุณู.</p><h3>ุฃูุณุงู ุงููุนุฑุถ:</h3><ul><li>ูุดุงุฑูุน ุงูููุฏุณุฉ ุงููุฏููุฉ</li><li>ูุดุงุฑูุน ุงูููุฏุณุฉ ุงูููุฑุจุงุฆูุฉ</li><li>ูุดุงุฑูุน ุงูููุฏุณุฉ ุงููููุงููููุฉ</li><li>ูุดุงุฑูุน ููุฏุณุฉ ุงูุจุฑูุฌูุงุช</li><li>ูุดุงุฑูุน ุงูุงุจุชูุงุฑ ูุงูุฑูุงุฏุฉ</li></ul><p>ุณูุชู ุชูุฑูู ุงููุดุงุฑูุน ุงููุงุฆุฒุฉ ุจุฌูุงุฆุฒ ูููุฉุ ููุง ุณูุญุถุฑ ุงููุนุฑุถ ููุซููู ุนู ุดุฑูุงุช ูุจุฑู ููุชูุงุตู ูุน ุงูุทูุงุจ ุงููุชููุฒูู ูุชูููุฑ ูุฑุต ุชุฏุฑูุจ ูุชูุธูู.</p><p>ุงููุนุฑุถ ููุชูุญ ููุฌูููุฑ ููุณุชูุฑ ููุฏุฉ ุซูุงุซุฉ ุฃูุงู ูู ุงูุณุงุนุฉ 9 ุตุจุงุญุงู ุญุชู 5 ูุณุงุกู.</p>', '<p>The Faculty of Engineering and Technology organizes the annual student projects exhibition, showcasing the best projects created by the faculty\'s students during the academic year.</p><h3>Exhibition Sections:</h3><ul><li>Civil Engineering Projects</li><li>Electrical Engineering Projects</li><li>Mechanical Engineering Projects</li><li>Software Engineering Projects</li><li>Innovation and Entrepreneurship Projects</li></ul><p>Winning projects will be honored with valuable prizes. Representatives from major companies will attend the exhibition to connect with outstanding students and provide training and employment opportunities.</p><p>The exhibition is open to the public and runs for three days from 9 AM to 5 PM.</p>', 'ูุฑูุฒ ุงูุงุจุชูุงุฑ', 'Innovation Center', '2023-11-20 09:00:00', '2023-11-22 17:00:00', 2, 'ูููุฉ ุงูููุฏุณุฉ ูุงูุชูููููุฌูุง', 'Faculty of Engineering and Technology', '/image/activities/1.jpg', 'published', NULL, NULL, '2025-07-06 14:04:28', '2025-07-06 15:09:33');

-- --------------------------------------------------------

--
-- ุจููุฉ ุงูุฌุฏูู `activity_categories`
--

CREATE TABLE `activity_categories` (
  `id` int(11) NOT NULL,
  `name_ar` varchar(100) NOT NULL,
  `name_en` varchar(100) NOT NULL,
  `description_ar` text DEFAULT NULL,
  `description_en` text DEFAULT NULL,
  `color_code` varchar(20) DEFAULT '#4a00e0',
  `icon` varchar(100) DEFAULT NULL,
  `created_at` timestamp NOT NULL DEFAULT current_timestamp(),
  `updated_at` timestamp NOT NULL DEFAULT current_timestamp() ON UPDATE current_timestamp()
) ENGINE=InnoDB DEFAULT CHARSET=utf8mb4 COLLATE=utf8mb4_unicode_ci;

--
-- ุฅุฑุฌุงุน ุฃู ุงุณุชูุฑุงุฏ ุจูุงูุงุช ุงูุฌุฏูู `activity_categories`
--

INSERT INTO `activity_categories` (`id`, `name_ar`, `name_en`, `description_ar`, `description_en`, `color_code`, `icon`, `created_at`, `updated_at`) VALUES
(1, 'ูุคุชูุฑุงุช', 'Conferences', 'ูุคุชูุฑุงุช ุนูููุฉ ูุฃูุงุฏูููุฉ', 'Scientific and academic conferences', '#4a00e0', 'conference', '2025-07-06 14:04:28', '2025-07-06 14:04:28'),
(2, 'ูุนุงุฑุถ', 'Exhibitions', 'ูุนุงุฑุถ ุทูุงุจูุฉ ูููููุฉ', 'Student and professional exhibitions', '#00a3e0', 'exhibition', '2025-07-06 14:04:28', '2025-07-06 14:04:28'),
(3, 'ุฑูุงุถุฉ', 'Sports', 'ูุนุงููุงุช ูุฃูุดุทุฉ ุฑูุงุถูุฉ', 'Sports events and activities', '#00c853', 'sports', '2025-07-06 14:04:28', '2025-07-06 14:04:28'),
(4, 'ูุฑุด ุนูู', 'Workshops', 'ูุฑุด ุนูู ุชุฏุฑูุจูุฉ', 'Training workshops', '#ff9800', 'workshop', '2025-07-06 14:04:28', '2025-07-06 14:04:28'),
(5, 'ูุณุงุจูุงุช', 'Competitions', 'ูุณุงุจูุงุช ุทูุงุจูุฉ ูุนูููุฉ', 'Student and scientific competitions', '#e91e63', 'competition', '2025-07-06 14:04:28', '2025-07-06 14:04:28'),
(6, 'ุชูุธูู', 'Employment', 'ูุนุงููุงุช ุงูุชูุธูู ูุงูุชุฏุฑูุจ ุงููููู', 'Employment and professional training events', '#3f51b5', 'employment', '2025-07-06 14:04:28', '2025-07-06 14:04:28'),
(7, 'ูุนุงููุงุช ุซูุงููุฉ', 'Cultural Events', 'ูุนุงููุงุช ุซูุงููุฉ ููููุฉ', 'Cultural and artistic events', '#9c27b0', 'cultural', '2025-07-06 14:04:28', '2025-07-06 14:04:28');

-- --------------------------------------------------------

--
-- ุจููุฉ ุงูุฌุฏูู `activity_media`
--

CREATE TABLE `activity_media` (
  `id` int(11) NOT NULL,
  `activity_id` int(11) NOT NULL,
  `media_type` enum('image','video','document') NOT NULL,
  `file_path` varchar(255) NOT NULL,
  `title_ar` varchar(255) DEFAULT NULL,
  `title_en` varchar(255) DEFAULT NULL,
  `description_ar` text DEFAULT NULL,
  `description_en` text DEFAULT NULL,
  `is_featured` tinyint(1) DEFAULT 0,
  `sort_order` int(11) DEFAULT 0,
  `created_at` timestamp NOT NULL DEFAULT current_timestamp(),
  `updated_at` timestamp NOT NULL DEFAULT current_timestamp() ON UPDATE current_timestamp()
) ENGINE=InnoDB DEFAULT CHARSET=utf8mb4 COLLATE=utf8mb4_unicode_ci;

--
-- ุฅุฑุฌุงุน ุฃู ุงุณุชูุฑุงุฏ ุจูุงูุงุช ุงูุฌุฏูู `activity_media`
--

INSERT INTO `activity_media` (`id`, `activity_id`, `media_type`, `file_path`, `title_ar`, `title_en`, `description_ar`, `description_en`, `is_featured`, `sort_order`, `created_at`, `updated_at`) VALUES
(1, 1, 'image', '/a/1.jpg', 'ุตูุฑุฉ ุงููุคุชูุฑ 1', 'Conference Image 1', NULL, NULL, 1, 1, '2025-07-06 14:04:28', '2025-07-09 16:50:20'),
(2, 1, 'image', '/image/activities/conf2.jpg', 'ุตูุฑุฉ ุงููุคุชูุฑ 2', 'Conference Image 2', NULL, NULL, 0, 2, '2025-07-06 14:04:28', '2025-07-06 14:04:28'),
(3, 1, 'image', '/image/activities/conf3.jpg', 'ุตูุฑุฉ ุงููุคุชูุฑ 3', 'Conference Image 3', NULL, NULL, 0, 3, '2025-07-06 14:04:28', '2025-07-06 14:04:28'),
(4, 1, 'video', 'https://www.youtube.com/embed/dQw4w9WgXcQ', 'ููุฏูู ุชุนุฑููู ุจุงููุคุชูุฑ', 'Conference Introduction Video', NULL, NULL, 0, 4, '2025-07-06 14:04:28', '2025-07-06 14:04:28'),
(5, 2, 'image', '/image/activities/expo1.jpg', 'ุตูุฑุฉ ุงููุนุฑุถ 1', 'Exhibition Image 1', NULL, NULL, 1, 1, '2025-07-06 14:04:28', '2025-07-06 14:04:28'),
(6, 2, 'image', '/image/activities/expo2.jpg', 'ุตูุฑุฉ ุงููุนุฑุถ 2', 'Exhibition Image 2', NULL, NULL, 0, 2, '2025-07-06 14:04:28', '2025-07-06 14:04:28'),
(7, 2, 'image', '/image/activities/expo3.jpg', 'ุตูุฑุฉ ุงููุนุฑุถ 3', 'Exhibition Image 3', NULL, NULL, 0, 3, '2025-07-06 14:04:28', '2025-07-06 14:04:28'),
(8, 2, 'video', 'https://www.youtube.com/embed/dQw4w9WgXcQ', 'ููุฏูู ุชุนุฑููู ุจุงููุนุฑุถ', 'Exhibition Introduction Video', NULL, NULL, 0, 4, '2025-07-06 14:04:28', '2025-07-06 14:04:28');

-- --------------------------------------------------------

--
-- ุจููุฉ ุงูุฌุฏูู `activity_participants`
--

CREATE TABLE `activity_participants` (
  `id` int(11) NOT NULL,
  `activity_id` int(11) NOT NULL,
  `name_ar` varchar(255) NOT NULL,
  `name_en` varchar(255) NOT NULL,
  `role_ar` varchar(255) DEFAULT NULL,
  `role_en` varchar(255) DEFAULT NULL,
  `bio_ar` text DEFAULT NULL,
  `bio_en` text DEFAULT NULL,
  `image` varchar(255) DEFAULT NULL,
  `sort_order` int(11) DEFAULT 0,
  `created_at` timestamp NOT NULL DEFAULT current_timestamp(),
  `updated_at` timestamp NOT NULL DEFAULT current_timestamp() ON UPDATE current_timestamp()
) ENGINE=InnoDB DEFAULT CHARSET=utf8mb4 COLLATE=utf8mb4_unicode_ci;

--
-- ุฅุฑุฌุงุน ุฃู ุงุณุชูุฑุงุฏ ุจูุงูุงุช ุงูุฌุฏูู `activity_participants`
--

INSERT INTO `activity_participants` (`id`, `activity_id`, `name_ar`, `name_en`, `role_ar`, `role_en`, `bio_ar`, `bio_en`, `image`, `sort_order`, `created_at`, `updated_at`) VALUES
(1, 1, 'ุฏ. ุฃุญูุฏ ูุญูุฏ', 'Dr. Ahmed Mohamed', 'ูุชุญุฏุซ ุฑุฆูุณู', 'Keynote Speaker', 'ุฃุณุชุงุฐ ุงูุฐูุงุก ุงูุงุตุทูุงุนู ุจุฌุงูุนุฉ ุงููุงูุฑุฉ', 'Professor of Artificial Intelligence at Cairo University', NULL, 1, '2025-07-06 14:04:28', '2025-07-06 14:04:28'),
(2, 1, 'ุฏ. ุณุงุฑุฉ ุงูุฃุญูุฏ', 'Dr. Sarah Al-Ahmad', 'ูุชุญุฏุซ ุฑุฆูุณู', 'Keynote Speaker', 'ุฃุณุชุงุฐุฉ ุนููู ุงูุจูุงูุงุช ุจุฌุงูุนุฉ ุงูููู ุณุนูุฏ', 'Professor of Data Science at King Saud University', NULL, 2, '2025-07-06 14:04:28', '2025-07-06 14:04:28'),
(3, 1, 'ุฏ. ุฌูู ุณููุซ', 'Dr. John Smith', 'ูุชุญุฏุซ ุฑุฆูุณู', 'Keynote Speaker', 'ุฃุณุชุงุฐ ุงูุชุนูู ุงูุขูู ุจุฌุงูุนุฉ ุฃูุณููุฑุฏ', 'Professor of Machine Learning at Oxford University', NULL, 3, '2025-07-06 14:04:28', '2025-07-06 14:04:28');

-- --------------------------------------------------------

--
-- ุจููุฉ ุงูุฌุฏูู `activity_schedule`
--

CREATE TABLE `activity_schedule` (
  `id` int(11) NOT NULL,
  `activity_id` int(11) NOT NULL,
  `title_ar` varchar(255) NOT NULL,
  `title_en` varchar(255) NOT NULL,
  `description_ar` text DEFAULT NULL,
  `description_en` text DEFAULT NULL,
  `start_time` datetime NOT NULL,
  `end_time` datetime DEFAULT NULL,
  `location_ar` varchar(255) DEFAULT NULL,
  `location_en` varchar(255) DEFAULT NULL,
  `presenter_ar` varchar(255) DEFAULT NULL,
  `presenter_en` varchar(255) DEFAULT NULL,
  `sort_order` int(11) DEFAULT 0,
  `created_at` timestamp NOT NULL DEFAULT current_timestamp(),
  `updated_at` timestamp NOT NULL DEFAULT current_timestamp() ON UPDATE current_timestamp()
) ENGINE=InnoDB DEFAULT CHARSET=utf8mb4 COLLATE=utf8mb4_unicode_ci;

--
-- ุฅุฑุฌุงุน ุฃู ุงุณุชูุฑุงุฏ ุจูุงูุงุช ุงูุฌุฏูู `activity_schedule`
--

INSERT INTO `activity_schedule` (`id`, `activity_id`, `title_ar`, `title_en`, `description_ar`, `description_en`, `start_time`, `end_time`, `location_ar`, `location_en`, `presenter_ar`, `presenter_en`, `sort_order`, `created_at`, `updated_at`) VALUES
(1, 1, 'ุชุณุฌูู ุงููุดุงุฑููู', 'Participant Registration', 'ุชุณุฌูู ุงููุดุงุฑููู ูุชูุฒูุน ุงูููุงุฏ ุงูุชุนุฑูููุฉ', 'Registration of participants and distribution of introductory materials', '2023-11-15 08:00:00', '2023-12-15 09:00:00', 'ูุฏุฎู ูุงุนุฉ ุงููุคุชูุฑุงุช', 'Conference Hall Entrance', NULL, NULL, 1, '2025-07-06 14:04:28', '2025-07-09 16:53:05'),
(2, 1, 'ูููุฉ ุงูุชุชุงุญูุฉ', 'Opening Speech', 'ูููุฉ ุงูุชุชุงุญูุฉ ูู ุฑุฆูุณ ุงูุฌุงูุนุฉ', 'Opening speech by the university president', '2023-12-15 09:00:00', '2023-12-15 09:30:00', 'ูุงุนุฉ ุงููุคุชูุฑุงุช ุงูุฑุฆูุณูุฉ', 'Main Conference Hall', 'ุฃ.ุฏ. ูุญูุฏ ุงูุนูุฑู', 'Prof. Mohammed Al-Amri', 2, '2025-07-06 14:04:28', '2025-07-06 14:04:28'),
(3, 1, 'ุงูุฌูุณุฉ ุงูุฃููู: ูุณุชูุจู ุงูุฐูุงุก ุงูุงุตุทูุงุนู ูู ุงูุชุนููู', 'First Session: The Future of AI in Education', 'ููุงูุดุฉ ุญูู ูุณุชูุจู ุงูุฐูุงุก ุงูุงุตุทูุงุนู ูุชุฃุซูุฑู ุนูู ุงูุชุนููู ุงูุนุงูู', 'Discussion about the future of AI and its impact on higher education', '2023-12-15 09:30:00', '2023-12-15 11:00:00', 'ูุงุนุฉ ุงููุคุชูุฑุงุช ุงูุฑุฆูุณูุฉ', 'Main Conference Hall', 'ุฏ. ุฃุญูุฏ ูุญูุฏ', 'Dr. Ahmed Mohamed', 3, '2025-07-06 14:04:28', '2025-07-06 14:04:28'),
(4, 1, 'ุงุณุชุฑุงุญุฉ', 'Break', 'ุงุณุชุฑุงุญุฉ ูููุฉ ูุดุงู', 'Coffee and tea break', '2023-12-15 11:00:00', '2023-12-15 11:30:00', 'ุจูู ูุงุนุฉ ุงููุคุชูุฑุงุช', 'Conference Hall Lobby', NULL, NULL, 4, '2025-07-06 14:04:28', '2025-07-06 14:04:28');

-- --------------------------------------------------------

--
-- ุจููุฉ ุงูุฌุฏูู `alumni`
--

CREATE TABLE `alumni` (
  `id` int(11) NOT NULL,
  `name_ar` varchar(255) NOT NULL COMMENT 'ุงุณู ุงูุฎุฑูุฌ ุจุงููุบุฉ ุงูุนุฑุจูุฉ',
  `name_en` varchar(255) NOT NULL COMMENT 'ุงุณู ุงูุฎุฑูุฌ ุจุงููุบุฉ ุงูุฅูุฌููุฒูุฉ',
  `graduation_year` int(11) NOT NULL COMMENT 'ุณูุฉ ุงูุชุฎุฑุฌ',
  `major_id` int(11) NOT NULL COMMENT 'ูุนุฑู ุงูุชุฎุตุต',
  `current_position_ar` varchar(255) NOT NULL COMMENT 'ุงูููุตุจ ุงูุญุงูู ุจุงููุบุฉ ุงูุนุฑุจูุฉ',
  `current_position_en` varchar(255) NOT NULL COMMENT 'ุงูููุตุจ ุงูุญุงูู ุจุงููุบุฉ ุงูุฅูุฌููุฒูุฉ',
  `company_id` int(11) NOT NULL COMMENT 'ูุนุฑู ุงูุดุฑูุฉ',
  `image` varchar(255) DEFAULT NULL COMMENT 'ุตูุฑุฉ ุงูุฎุฑูุฌ',
  `linkedin` varchar(255) DEFAULT NULL COMMENT 'ุฑุงุจุท ุญุณุงุจ LinkedIn',
  `twitter` varchar(255) DEFAULT NULL COMMENT 'ุฑุงุจุท ุญุณุงุจ Twitter',
  `email` varchar(255) DEFAULT NULL COMMENT 'ุงูุจุฑูุฏ ุงูุฅููุชุฑููู',
  `featured` tinyint(1) DEFAULT 0 COMMENT 'ุฎุฑูุฌ ูููุฒ ููุนุฑุถ ูู ุงูุตูุญุฉ ุงูุฑุฆูุณูุฉ',
  `status` enum('active','inactive') DEFAULT 'active' COMMENT 'ุญุงูุฉ ุงูุฎุฑูุฌ',
  `created_at` timestamp NOT NULL DEFAULT current_timestamp(),
  `updated_at` timestamp NOT NULL DEFAULT current_timestamp() ON UPDATE current_timestamp()
) ENGINE=InnoDB DEFAULT CHARSET=utf8mb4 COLLATE=utf8mb4_unicode_ci;

--
-- ุฅุฑุฌุงุน ุฃู ุงุณุชูุฑุงุฏ ุจูุงูุงุช ุงูุฌุฏูู `alumni`
--

INSERT INTO `alumni` (`id`, `name_ar`, `name_en`, `graduation_year`, `major_id`, `current_position_ar`, `current_position_en`, `company_id`, `image`, `linkedin`, `twitter`, `email`, `featured`, `status`, `created_at`, `updated_at`) VALUES
(1, 'ูุญูุฏ ุฃุญูุฏ', 'Mohammed Ahmed', 2020, 1, 'ูููุฏุณ ุจุฑูุฌูุงุช ุฃูู', 'Senior Software Engineer', 1, '/image/6.jpg', 'https://linkedin.com/in/mohammed-ahmed', 'https://twitter.com/mohammed_ahmed', 'mohammed.ahmed@example.com', 1, 'active', '2025-06-21 23:06:15', '2025-07-05 19:59:24'),
(2, 'ููุฑ ุงููุฏู ุนูู', 'Noor Al-Huda Ali', 2019, 3, 'ูุฏูุฑุฉ ุชุณููู', 'Marketing Manager', 2, '/image/6.jpg', 'https://linkedin.com/in/noor-ali', 'https://twitter.com/noor_ali', 'noor.ali@example.com', 1, 'active', '2025-06-21 23:06:15', '2025-07-05 19:59:34'),
(3, 'ุนุจุฏุงููู ูุญูุฏ', 'Abdullah Mohammed', 2021, 4, 'ุทุจูุจ ุงุณุชุดุงุฑู', 'Consultant Physician', 3, '/image/6.jpg', 'https://linkedin.com/in/abdullah-mohammed', 'https://twitter.com/abdullah_m', 'abdullah.m@example.com', 1, 'active', '2025-06-21 23:06:15', '2025-07-05 19:59:40'),
(4, 'ุณุงุฑุฉ ุฎุงูุฏ', 'Sara Khalid', 2020, 2, 'ุนุงููุฉ ุจูุงูุงุช', 'Data Scientist', 4, '/image/6.jpg', 'https://linkedin.com/in/sara-khalid', 'https://twitter.com/sara_khalid', 'sara.khalid@example.com', 1, 'active', '2025-06-21 23:06:15', '2025-07-05 19:59:57'),
(5, 'ููุตู ุนุจุฏุงูุฑุญูู', 'Faisal Abdulrahman', 2022, 5, 'ูููุฏุณ ูุนูุงุฑู', 'Structural Engineer', 5, '/image/6.jpg', 'https://linkedin.com/in/faisal-abdulrahman', 'https://twitter.com/faisal_ar', 'faisal.ar@example.com', 0, 'active', '2025-06-21 23:06:15', '2025-07-05 20:00:17'),
(6, 'ูููุง ููุณู', 'Lina Yousef', 2021, 6, 'ูุฏูุฑุฉ ุนูุงูุงุช ุนุงูุฉ', 'Public Relations Manager', 6, '/image/6.jpg', 'https://linkedin.com/in/lina-yousef', 'https://twitter.com/lina_yousef', 'lina.yousef@example.com', 0, 'active', '2025-06-21 23:06:15', '2025-07-05 20:00:27'),
(7, 'ุฎุงูุฏ ุฅุจุฑุงููู', 'Khalid Ibrahim', 2019, 7, 'ูุฏูุฑ ุฃูู ุงููุนูููุงุช', 'Information Security Manager', 7, '/image/6.jpg', 'https://linkedin.com/in/khalid-ibrahim', 'https://twitter.com/khalid_ibrahim', 'khalid.ibrahim@example.com', 0, 'active', '2025-06-21 23:06:15', '2025-07-05 20:00:35'),
(8, 'ุฑูุง ุณุนูุฏ', 'Rana Saeed', 2018, 8, 'ุทุจูุจุฉ ุฃุณูุงู', 'Dentist', 8, '/image/6.jpg', 'https://linkedin.com/in/rana-saeed', 'https://twitter.com/rana_saeed', 'rana.saeed@example.com', 0, 'active', '2025-06-21 23:06:15', '2025-07-05 20:00:44');

-- --------------------------------------------------------

--
-- ุจููุฉ ุงูุฌุฏูู `alumni_achievements`
--

CREATE TABLE `alumni_achievements` (
  `id` int(11) NOT NULL,
  `alumni_id` int(11) NOT NULL COMMENT 'ูุนุฑู ุงูุฎุฑูุฌ',
  `achievement_ar` text NOT NULL COMMENT 'ุงูุฅูุฌุงุฒ ุจุงููุบุฉ ุงูุนุฑุจูุฉ',
  `achievement_en` text NOT NULL COMMENT 'ุงูุฅูุฌุงุฒ ุจุงููุบุฉ ุงูุฅูุฌููุฒูุฉ',
  `year` int(11) DEFAULT NULL COMMENT 'ุณูุฉ ุงูุฅูุฌุงุฒ',
  `sort_order` int(11) DEFAULT 0 COMMENT 'ุชุฑุชูุจ ุงูุนุฑุถ',
  `created_at` timestamp NOT NULL DEFAULT current_timestamp(),
  `updated_at` timestamp NOT NULL DEFAULT current_timestamp() ON UPDATE current_timestamp()
) ENGINE=InnoDB DEFAULT CHARSET=utf8mb4 COLLATE=utf8mb4_unicode_ci;

--
-- ุฅุฑุฌุงุน ุฃู ุงุณุชูุฑุงุฏ ุจูุงูุงุช ุงูุฌุฏูู `alumni_achievements`
--

INSERT INTO `alumni_achievements` (`id`, `alumni_id`, `achievement_ar`, `achievement_en`, `year`, `sort_order`, `created_at`, `updated_at`) VALUES
(1, 1, 'ุญุตู ุนูู ุฌุงุฆุฒุฉ ุงูุชููุฒ ุงูุฃูุงุฏููู ุฎูุงู ูุชุฑุฉ ุงูุฏุฑุงุณุฉ', 'Received the Academic Excellence Award during the study period', 2017, 1, '2025-06-21 23:06:15', '2025-06-21 23:06:15'),
(2, 1, 'ุนูู ููุชุทูุน ูู ุจุฑุงูุฌ ุฎุฏูุฉ ุงููุฌุชูุน', 'Volunteered in community service programs', 2016, 2, '2025-06-21 23:06:15', '2025-06-21 23:06:15'),
(3, 1, 'ุดุงุฑู ูู ุชุทููุฑ ุชุทุจูู ููููุงุชู ุงูุฐููุฉ ุฎูุงู ูุชุฑุฉ ุงูุฏุฑุงุณุฉ', 'Participated in developing a mobile application during the study period', 2018, 3, '2025-06-21 23:06:15', '2025-06-21 23:06:15'),
(4, 1, 'ุญุตู ุนูู ุจุฑุงุกุฉ ุงุฎุชุฑุงุน ูู ูุฌุงู ุงูุฐูุงุก ุงูุงุตุทูุงุนู', 'Obtained a patent in the field of artificial intelligence', 2020, 4, '2025-06-21 23:06:15', '2025-06-21 23:06:15'),
(5, 2, 'ูุงุฒุช ุจูุณุงุจูุฉ ุฎุทุท ุงูุชุณููู ุนูู ูุณุชูู ุงูุฌุงูุนุงุช', 'Won the marketing plan competition at the university level', 2018, 1, '2025-06-21 23:06:15', '2025-06-21 23:06:15'),
(6, 2, 'ูุงุฏุช ูุฑูู ุงูุชุณููู ุงูุทูุงุจู ูู ุงูุฌุงูุนุฉ', 'Led the student marketing team at the university', 2017, 2, '2025-06-21 23:06:15', '2025-06-21 23:06:15'),
(7, 2, 'ุดุงุฑูุช ูู ุชูุธูู ูุคุชูุฑ ุฑูุงุฏุฉ ุงูุฃุนูุงู ุงูุณููู', 'Participated in organizing the annual entrepreneurship conference', 2019, 3, '2025-06-21 23:06:15', '2025-06-21 23:06:15'),
(8, 2, 'ุญุตูุช ุนูู ููุญุฉ ุฏุฑุงุณูุฉ ููุชุฏุฑูุจ ุงูุตููู ูู ุดุฑูุฉ ุนุงูููุฉ', 'Received a scholarship for summer training at a global company', 2018, 4, '2025-06-21 23:06:15', '2025-06-21 23:06:15'),
(9, 3, 'ูุดุฑ ุจุญุซูุง ุนููููุง ูู ูุฌูุฉ ุทุจูุฉ ูุฑูููุฉ', 'Published a scientific research in a prestigious medical journal', 2016, 1, '2025-06-21 23:06:15', '2025-06-21 23:06:15'),
(10, 3, 'ุดุงุฑู ูู ุจุนุซุฉ ุทุจูุฉ ุชุทูุนูุฉ ููุณุงุนุฏุฉ ุงูููุงุทู ุงููุญุชุงุฌุฉ', 'Participated in a voluntary medical mission to help needy areas', 2017, 2, '2025-06-21 23:06:15', '2025-06-21 23:06:15'),
(11, 3, 'ุญุตู ุนูู ุฌุงุฆุฒุฉ ุฃูุถู ุทุงูุจ ุทุจ ูู ุฏูุนุชู', 'Received the Best Medical Student Award in his class', 2017, 3, '2025-06-21 23:06:15', '2025-06-21 23:06:15'),
(12, 3, 'ูุฏู ูุญุงุถุฑุงุช ุชูุนููุฉ ุตุญูุฉ ูู ุงููุฏุงุฑุณ ูุงูุฌุงูุนุงุช', 'Delivered health awareness lectures in schools and universities', 2018, 4, '2025-06-21 23:06:15', '2025-06-21 23:06:15'),
(13, 4, 'ูุงุฒุช ุจูุณุงุจูุฉ ุงูุจุฑูุฌุฉ ุนูู ูุณุชูู ุงูุฌุงูุนุฉ', 'Won the programming competition at the university level', 2019, 1, '2025-06-21 23:06:15', '2025-06-21 23:06:15'),
(14, 4, 'ุทูุฑุช ุฎูุงุฑุฒููุฉ ููุชูุจุค ุจุฃููุงุท ุงุณุชููุงู ุงูุทุงูุฉ', 'Developed an algorithm to predict energy consumption patterns', 2020, 2, '2025-06-21 23:06:15', '2025-06-21 23:06:15'),
(15, 4, 'ุดุงุฑูุช ูู ูุคุชูุฑ ุนููู ุงูุจูุงูุงุช ุงูุฏููู', 'Participated in the International Data Science Conference', 2020, 3, '2025-06-21 23:06:15', '2025-06-21 23:06:15'),
(16, 4, 'ุญุตูุช ุนูู ุดูุงุฏุฉ ุงุญุชุฑุงููุฉ ูู ุชุญููู ุงูุจูุงูุงุช ุงูุถุฎูุฉ', 'Obtained a professional certification in big data analysis', 2021, 4, '2025-06-21 23:06:15', '2025-06-21 23:06:15');

-- --------------------------------------------------------

--
-- ุจููุฉ ุงูุฌุฏูู `alumni_colleges`
--

CREATE TABLE `alumni_colleges` (
  `id` int(11) NOT NULL,
  `name_ar` varchar(255) NOT NULL COMMENT 'ุงุณู ุงููููุฉ ุจุงููุบุฉ ุงูุนุฑุจูุฉ',
  `name_en` varchar(255) NOT NULL COMMENT 'ุงุณู ุงููููุฉ ุจุงููุบุฉ ุงูุฅูุฌููุฒูุฉ',
  `created_at` timestamp NOT NULL DEFAULT current_timestamp(),
  `updated_at` timestamp NOT NULL DEFAULT current_timestamp() ON UPDATE current_timestamp()
) ENGINE=InnoDB DEFAULT CHARSET=utf8mb4 COLLATE=utf8mb4_unicode_ci;

--
-- ุฅุฑุฌุงุน ุฃู ุงุณุชูุฑุงุฏ ุจูุงูุงุช ุงูุฌุฏูู `alumni_colleges`
--

INSERT INTO `alumni_colleges` (`id`, `name_ar`, `name_en`, `created_at`, `updated_at`) VALUES
(1, 'ูููุฉ ุงูููุฏุณุฉ', 'College of Engineering', '2025-06-21 23:06:15', '2025-06-21 23:06:15'),
(2, 'ูููุฉ ุฅุฏุงุฑุฉ ุงูุฃุนูุงู', 'College of Business Administration', '2025-06-21 23:06:15', '2025-06-21 23:06:15'),
(3, 'ูููุฉ ุงูุทุจ', 'College of Medicine', '2025-06-21 23:06:15', '2025-06-21 23:06:15'),
(4, 'ูููุฉ ุนููู ุงูุญุงุณุจ ูุงููุนูููุงุช', 'College of Computer and Information Sciences', '2025-06-21 23:06:15', '2025-06-21 23:06:15');

-- --------------------------------------------------------

--
-- ุจููุฉ ุงูุฌุฏูู `alumni_companies`
--

CREATE TABLE `alumni_companies` (
  `id` int(11) NOT NULL,
  `name_ar` varchar(255) NOT NULL COMMENT 'ุงุณู ุงูุดุฑูุฉ ุจุงููุบุฉ ุงูุนุฑุจูุฉ',
  `name_en` varchar(255) NOT NULL COMMENT 'ุงุณู ุงูุดุฑูุฉ ุจุงููุบุฉ ุงูุฅูุฌููุฒูุฉ',
  `website` varchar(255) DEFAULT NULL COMMENT 'ุงููููุน ุงูุฅููุชุฑููู ููุดุฑูุฉ',
  `logo` varchar(255) DEFAULT NULL COMMENT 'ุดุนุงุฑ ุงูุดุฑูุฉ',
  `created_at` timestamp NOT NULL DEFAULT current_timestamp(),
  `updated_at` timestamp NOT NULL DEFAULT current_timestamp() ON UPDATE current_timestamp()
) ENGINE=InnoDB DEFAULT CHARSET=utf8mb4 COLLATE=utf8mb4_unicode_ci;

--
-- ุฅุฑุฌุงุน ุฃู ุงุณุชูุฑุงุฏ ุจูุงูุงุช ุงูุฌุฏูู `alumni_companies`
--

INSERT INTO `alumni_companies` (`id`, `name_ar`, `name_en`, `website`, `logo`, `created_at`, `updated_at`) VALUES
(1, 'ุดุฑูุฉ ุฌูุฌู', 'Google', 'https://www.google.com', '/companies/google.png', '2025-06-21 23:06:15', '2025-06-21 23:06:15'),
(2, 'ุดุฑูุฉ ุฃูุงุฒูู', 'Amazon', 'https://www.amazon.com', '/companies/amazon.png', '2025-06-21 23:06:15', '2025-06-21 23:06:15'),
(3, 'ูุณุชุดูู ุงูุชุฎุตุตู', 'Specialized Hospital', 'https://www.specialized-hospital.com', '/companies/hospital.png', '2025-06-21 23:06:15', '2025-06-21 23:06:15'),
(4, 'ุดุฑูุฉ ูุงููุฑูุณููุช', 'Microsoft', 'https://www.microsoft.com', '/companies/microsoft.png', '2025-06-21 23:06:15', '2025-06-21 23:06:15'),
(5, 'ุดุฑูุฉ ุฃุฑุงููู', 'Saudi Aramco', 'https://www.aramco.com', '/companies/aramco.png', '2025-06-21 23:06:15', '2025-06-21 23:06:15'),
(6, 'ุจูู ุงูุฑูุงุถ', 'Riyad Bank', 'https://www.riyadbank.com', '/companies/riyadbank.png', '2025-06-21 23:06:15', '2025-06-21 23:06:15'),
(7, 'ุดุฑูุฉ ุงูุงุชุตุงูุงุช ุงูุณุนูุฏูุฉ', 'STC', 'https://www.stc.com.sa', '/companies/stc.png', '2025-06-21 23:06:15', '2025-06-21 23:06:15'),
(8, 'ุดุฑูุฉ ุฃุจู', 'Apple', 'https://www.apple.com', '/companies/apple.png', '2025-06-21 23:06:15', '2025-06-21 23:06:15');

-- --------------------------------------------------------

--
-- ุจููุฉ ุงูุฌุฏูู `alumni_images`
--

CREATE TABLE `alumni_images` (
  `id` int(11) NOT NULL,
  `alumni_id` int(11) NOT NULL COMMENT 'ูุนุฑู ุงูุฎุฑูุฌ',
  `image_path` varchar(255) NOT NULL COMMENT 'ูุณุงุฑ ุงูุตูุฑุฉ',
  `caption_ar` varchar(255) DEFAULT NULL COMMENT 'ูุตู ุงูุตูุฑุฉ ุจุงูุนุฑุจูุฉ',
  `caption_en` varchar(255) DEFAULT NULL COMMENT 'ูุตู ุงูุตูุฑุฉ ุจุงูุฅูุฌููุฒูุฉ',
  `sort_order` int(11) DEFAULT 0 COMMENT 'ุชุฑุชูุจ ุงูุนุฑุถ',
  `created_at` timestamp NOT NULL DEFAULT current_timestamp(),
  `updated_at` timestamp NOT NULL DEFAULT current_timestamp() ON UPDATE current_timestamp()
) ENGINE=InnoDB DEFAULT CHARSET=utf8mb4 COLLATE=utf8mb4_unicode_ci;

--
-- ุฅุฑุฌุงุน ุฃู ุงุณุชูุฑุงุฏ ุจูุงูุงุช ุงูุฌุฏูู `alumni_images`
--

INSERT INTO `alumni_images` (`id`, `alumni_id`, `image_path`, `caption_ar`, `caption_en`, `sort_order`, `created_at`, `updated_at`) VALUES
(1, 1, '/image/1.jpg', 'ูุญูุฏ ุฃุซูุงุก ุนููู ูู ูุดุฑูุน ุจุฑูุฌู', 'Mohammed while working on a programming project', 1, '2025-06-21 23:06:15', '2025-06-21 23:06:15'),
(2, 1, '/image/2.jpg', 'ูุญูุฏ ููุฏู ุนุฑุถูุง ูู ูุคุชูุฑ ุชููู', 'Mohammed giving a presentation at a tech conference', 2, '2025-06-21 23:06:15', '2025-06-21 23:06:15'),
(3, 1, '/image/a1.jpg', 'ูุญูุฏ ูุน ูุฑูู ุงูุนูู ูู ุดุฑูุฉ ุฌูุฌู', 'Mohammed with the team at Google', 3, '2025-06-21 23:06:15', '2025-06-21 23:06:15'),
(4, 2, '/image/a2.jpg', 'ููุฑ ุฃุซูุงุก ุญูู ุงูุชุฎุฑุฌ', 'Noor during the graduation ceremony', 1, '2025-06-21 23:06:15', '2025-06-21 23:06:15'),
(5, 2, '/image/a3.jpg', 'ููุฑ ุชูุฏู ุนุฑุถูุง ุชุณูููููุง', 'Noor presenting a marketing presentation', 2, '2025-06-21 23:06:15', '2025-06-21 23:06:15'),
(6, 2, '/image/1.jpg', 'ููุฑ ูุน ูุฑูู ุงูุชุณููู ูู ุดุฑูุฉ ุฃูุงุฒูู', 'Noor with the marketing team at Amazon', 3, '2025-06-21 23:06:15', '2025-06-21 23:06:15'),
(7, 3, '/image/2.jpg', 'ุนุจุฏุงููู ูู ุงููุฎุชุจุฑ ุงูุทุจู', 'Abdullah in the medical laboratory', 1, '2025-06-21 23:06:15', '2025-06-21 23:06:15'),
(8, 3, '/image/a1.jpg', 'ุนุจุฏุงููู ุฃุซูุงุก ุงูุจุนุซุฉ ุงูุทุจูุฉ ุงูุชุทูุนูุฉ', 'Abdullah during the voluntary medical mission', 2, '2025-06-21 23:06:15', '2025-06-21 23:06:15'),
(9, 3, '/image/a2.jpg', 'ุนุจุฏุงููู ูุณุชูู ุฌุงุฆุฒุฉ ุงูุชููุฒ ุงูุทุจู', 'Abdullah receiving the medical excellence award', 3, '2025-06-21 23:06:15', '2025-06-21 23:06:15'),
(10, 4, '/image/a3.jpg', 'ุณุงุฑุฉ ุฃุซูุงุก ูุณุงุจูุฉ ุงูุจุฑูุฌุฉ', 'Sara during the programming competition', 1, '2025-06-21 23:06:15', '2025-06-21 23:06:15'),
(11, 4, '/image/1.jpg', 'ุณุงุฑุฉ ุชูุฏู ูุฑุดุฉ ุนูู ุนู ุนููู ุงูุจูุงูุงุช', 'Sara presenting a workshop on data science', 2, '2025-06-21 23:06:15', '2025-06-21 23:06:15'),
(12, 4, '/image/2.jpg', 'ุณุงุฑุฉ ูุน ูุฑูู ุนููุงุก ุงูุจูุงูุงุช ูู ูุงููุฑูุณููุช', 'Sara with the data science team at Microsoft', 3, '2025-06-21 23:06:15', '2025-06-21 23:06:15');

-- --------------------------------------------------------

--
-- ุจููุฉ ุงูุฌุฏูู `alumni_majors`
--

CREATE TABLE `alumni_majors` (
  `id` int(11) NOT NULL,
  `college_id` int(11) DEFAULT NULL,
  `name_ar` varchar(255) NOT NULL COMMENT 'ุงุณู ุงูุชุฎุตุต ุจุงููุบุฉ ุงูุนุฑุจูุฉ',
  `name_en` varchar(255) NOT NULL COMMENT 'ุงุณู ุงูุชุฎุตุต ุจุงููุบุฉ ุงูุฅูุฌููุฒูุฉ',
  `created_at` timestamp NOT NULL DEFAULT current_timestamp(),
  `updated_at` timestamp NOT NULL DEFAULT current_timestamp() ON UPDATE current_timestamp()
) ENGINE=InnoDB DEFAULT CHARSET=utf8mb4 COLLATE=utf8mb4_unicode_ci;

--
-- ุฅุฑุฌุงุน ุฃู ุงุณุชูุฑุงุฏ ุจูุงูุงุช ุงูุฌุฏูู `alumni_majors`
--

INSERT INTO `alumni_majors` (`id`, `college_id`, `name_ar`, `name_en`, `created_at`, `updated_at`) VALUES
(1, 1, 'ููุฏุณุฉ ุงูุจุฑูุฌูุงุช', 'Software Engineering', '2025-06-21 23:06:15', '2025-06-21 23:06:15'),
(2, 4, 'ุนููู ุงูุญุงุณุจ', 'Computer Science', '2025-06-21 23:06:15', '2025-06-21 23:06:15'),
(3, 2, 'ุฅุฏุงุฑุฉ ุฃุนูุงู', 'Business Administration', '2025-06-21 23:06:15', '2025-06-21 23:06:15'),
(4, 3, 'ุทุจ ุจุดุฑู', 'Medicine', '2025-06-21 23:06:15', '2025-06-21 23:06:15'),
(5, 1, 'ููุฏุณุฉ ููุฑุจุงุฆูุฉ', 'Electrical Engineering', '2025-06-21 23:06:15', '2025-06-21 23:06:15'),
(6, 2, 'ุชุณููู', 'Marketing', '2025-06-21 23:06:15', '2025-06-21 23:06:15'),
(7, 4, 'ุฃูู ุงููุนูููุงุช', 'Information Security', '2025-06-21 23:06:15', '2025-06-21 23:06:15'),
(8, 3, 'ุทุจ ุงูุฃุณูุงู', 'Dentistry', '2025-06-21 23:06:15', '2025-06-21 23:06:15');

-- --------------------------------------------------------

--
-- ุจููุฉ ุงูุฌุฏูู `alumni_settings`
--

CREATE TABLE `alumni_settings` (
  `id` int(11) NOT NULL,
  `section_title_ar` varchar(255) NOT NULL DEFAULT 'ูุตุต ูุฌุงุญ ุฎุฑูุฌููุง' COMMENT 'ุนููุงู ุงููุณู ุจุงูุนุฑุจูุฉ',
  `section_title_en` varchar(255) NOT NULL DEFAULT 'Our Alumni Success Stories' COMMENT 'ุนููุงู ุงููุณู ุจุงูุฅูุฌููุฒูุฉ',
  `section_subtitle_ar` text DEFAULT NULL COMMENT 'ุงูุนููุงู ุงููุฑุนู ูููุณู ุจุงูุนุฑุจูุฉ',
  `section_subtitle_en` text DEFAULT NULL COMMENT 'ุงูุนููุงู ุงููุฑุนู ูููุณู ุจุงูุฅูุฌููุฒูุฉ',
  `stories_per_page` int(11) DEFAULT 12 COMMENT 'ุนุฏุฏ ุงููุตุต ูู ุงูุตูุญุฉ ุงููุงุญุฏุฉ',
  `featured_count` int(11) DEFAULT 4 COMMENT 'ุนุฏุฏ ุงููุตุต ุงููููุฒุฉ ูู ุงูุตูุญุฉ ุงูุฑุฆูุณูุฉ',
  `updated_at` timestamp NOT NULL DEFAULT current_timestamp() ON UPDATE current_timestamp()
) ENGINE=InnoDB DEFAULT CHARSET=utf8mb4 COLLATE=utf8mb4_unicode_ci;

--
-- ุฅุฑุฌุงุน ุฃู ุงุณุชูุฑุงุฏ ุจูุงูุงุช ุงูุฌุฏูู `alumni_settings`
--

INSERT INTO `alumni_settings` (`id`, `section_title_ar`, `section_title_en`, `section_subtitle_ar`, `section_subtitle_en`, `stories_per_page`, `featured_count`, `updated_at`) VALUES
(1, 'ูุตุต ูุฌุงุญ ุฎุฑูุฌููุง', 'Our Alumni Success Stories', 'ุชุนุฑู ุนูู ูุตุต ููููุฉ ูู ุฎุฑูุฌู ุฌุงูุนุชูุง ุงูุฐูู ูุตูุนูู ุงููุฑู ูู ุงูุนุงูู', 'Discover inspiring stories from our university graduates who are making a difference in the world', 12, 4, '2025-06-21 23:00:39');

-- --------------------------------------------------------

--
-- ุจููุฉ ุงูุฌุฏูู `alumni_stories`
--

CREATE TABLE `alumni_stories` (
  `id` int(11) NOT NULL,
  `alumni_id` int(11) NOT NULL COMMENT 'ูุนุฑู ุงูุฎุฑูุฌ',
  `summary_ar` text NOT NULL COMMENT 'ููุฎุต ุงููุตุฉ ุจุงููุบุฉ ุงูุนุฑุจูุฉ',
  `summary_en` text NOT NULL COMMENT 'ููุฎุต ุงููุตุฉ ุจุงููุบุฉ ุงูุฅูุฌููุฒูุฉ',
  `story_ar` text NOT NULL COMMENT 'ุงููุตุฉ ุงููุงููุฉ ุจุงููุบุฉ ุงูุนุฑุจูุฉ',
  `story_en` text NOT NULL COMMENT 'ุงููุตุฉ ุงููุงููุฉ ุจุงููุบุฉ ุงูุฅูุฌููุฒูุฉ',
  `views` int(11) DEFAULT 0 COMMENT 'ุนุฏุฏ ุงููุดุงูุฏุงุช',
  `slug_ar` varchar(255) NOT NULL COMMENT 'ุงูุฑุงุจุท ุงููุฎุชุตุฑ ุจุงููุบุฉ ุงูุนุฑุจูุฉ',
  `slug_en` varchar(255) NOT NULL COMMENT 'ุงูุฑุงุจุท ุงููุฎุชุตุฑ ุจุงููุบุฉ ุงูุฅูุฌููุฒูุฉ',
  `published_at` timestamp NULL DEFAULT NULL COMMENT 'ุชุงุฑูุฎ ุงููุดุฑ',
  `created_at` timestamp NOT NULL DEFAULT current_timestamp(),
  `updated_at` timestamp NOT NULL DEFAULT current_timestamp() ON UPDATE current_timestamp()
) ENGINE=InnoDB DEFAULT CHARSET=utf8mb4 COLLATE=utf8mb4_unicode_ci;

--
-- ุฅุฑุฌุงุน ุฃู ุงุณุชูุฑุงุฏ ุจูุงูุงุช ุงูุฌุฏูู `alumni_stories`
--

INSERT INTO `alumni_stories` (`id`, `alumni_id`, `summary_ar`, `summary_en`, `story_ar`, `story_en`, `views`, `slug_ar`, `slug_en`, `published_at`, `created_at`, `updated_at`) VALUES
(1, 1, 'ุจุฏุฃุช ุฑุญูุชู ุจููุฑุฉ ุจุณูุทุฉ ูู ุงูุฌุงูุนุฉ ูุงูุชูุช ุจูุธููุฉ ูู ุฅุญุฏู ุฃูุจุฑ ุดุฑูุงุช ุงูุชูููุฉ ุงูุนุงูููุฉ.', 'My journey started with a simple idea at the university and ended with a job at one of the world\'s largest tech companies.', 'ุนูุฏูุง ุจุฏุฃุช ุฑุญูุชู ุงูุฏุฑุงุณูุฉ ูู ุฌุงูุนุฉ ุงูุฑูุงุฏุฉุ ูู ุฃูู ุฃุชุฎูู ูุฏู ุงูุชุฃุซูุฑ ุงูุฐู ุณุชุชุฑูู ุนูู ูุณุงุฑู ุงููููู. ุจุฏุฃุช ุงูุฏุฑุงุณุฉ ููุงูุช ูุฏู ุงููุซูุฑ ูู ุงูุชุณุงุคูุงุช ูุงูุดููู ุญูู ุงููุณุชูุจู.\r\n\r\nุฎูุงู ุณููุงุช ุงูุฏุฑุงุณุฉุ ุชุนููุช ุงููุซูุฑ ูู ุงูููุงุฑุงุช ุงูุฃุณุงุณูุฉ ุงูุชู ุณุงุนุฏุชูู ูู ุจูุงุก ูุณูุฑุชู ุงูููููุฉ. ูุงู ููุฃุณุงุชุฐุฉ ุฏูุฑ ูุจูุฑ ูู ุชูุฌููู ูุญู ุงููุณุงุฑ ุงูุตุญูุญุ ููุงูุช ุงูุจูุฆุฉ ุงูุฃูุงุฏูููุฉ ูุญูุฒุฉ ููุฅุจุฏุงุน ูุงูุชูููุฑ ุงูููุฏู.\r\n\r\nุจุนุฏ ุงูุชุฎุฑุฌุ ูุงุฌูุช ุชุญุฏูุงุช ูุซูุฑุฉ ูู ุณูู ุงูุนููุ ููู ุงูุชุนููู ุงูุฐู ุชูููุชู ูู ุงูุฌุงูุนุฉ ููุญูู ุงูุฃุณุงุณ ุงูููู ููุชุบูุจ ุนูู ูุฐู ุงูุชุญุฏูุงุช. ุจุฏุฃุช ุงูุนูู ูู ุดุฑูุฉ ูุญููุฉ ุตุบูุฑุฉุ ุซู ุงูุชููุช ุจุนุฏ ุฐูู ููุนูู ูู ุดุฑูุงุช ุนุงูููุฉ.\r\n\r\nุงููููุ ุฃูุง ูุฎูุฑ ุจูููู ุฎุฑูุฌ ุฌุงูุนุฉ ุงูุฑูุงุฏุฉุ ูุณุนูุฏ ุจุงููุฑุตุฉ ุงูุชู ุฃุชูุญุช ูู ููุดุงุฑูุฉ ูุตุชู ูุน ุงูุทูุงุจ ุงูุญุงูููู ูุงูุฎุฑูุฌูู ุงูุฌุฏุฏ. ุฃูุตุญ ุฌููุน ุงูุทูุงุจ ุจุงูุงุณุชูุงุฏุฉ ุงููุตูู ูู ูุชุฑุฉ ุงูุฏุฑุงุณุฉุ ูุงููุดุงุฑูุฉ ูู ุงูุฃูุดุทุฉ ุงููุงุตููุฉุ ูุจูุงุก ุดุจูุฉ ุนูุงูุงุช ูููุฉ ูุน ุงูุฒููุงุก ูุงูุฃุณุงุชุฐุฉ.', 'When I started my academic journey at Alryada University, I couldn\'t imagine the impact it would have on my career path. I began my studies with many questions and doubts about the future.\r\n\r\nDuring my university years, I learned many essential skills that helped me build my professional career. The professors played a significant role in guiding me towards the right path, and the academic environment was stimulating for creativity and critical thinking.\r\n\r\nAfter graduation, I faced many challenges in the job market, but the education I received at the university gave me a strong foundation to overcome these challenges. I started working at a small local company, then moved on to work for global companies.\r\n\r\nToday, I am proud to be a graduate of Alryada University, and I\'m happy to have the opportunity to share my story with current students and new graduates. I advise all students to make the most of their study period, participate in extracurricular activities, and build a strong network with colleagues and professors.', 1252, 'ูุญูุฏ-ุฃุญูุฏ-ูุตุฉ-ูุฌุงุญ', 'mohammed-ahmed-success-story', '2023-06-15 05:30:00', '2025-06-21 23:06:15', '2025-06-25 01:03:29'),
(2, 2, 'ุงูุชุญุฏูุงุช ุงูุชู ูุงุฌูุชูุง ูู ุงูุฏุฑุงุณุฉ ูุงูุช ุงูุฎุทูุฉ ุงูุฃููู ูุญู ุงููุฌุงุญ ูู ูุฌุงู ุงูุชุณููู ุงูุนุงููู.', 'The challenges I faced during my studies were the first step towards success in the field of global marketing.', 'ูุงูุช ุฑุญูุชู ูู ูููุฉ ุฅุฏุงุฑุฉ ุงูุฃุนูุงู ูููุฆุฉ ุจุงูุชุญุฏูุงุช ูุงููุฑุต. ูู ุงูุจุฏุงูุฉุ ูุงุฌูุช ุตุนูุจุฉ ูู ููู ุจุนุถ ุงูููุงููู ุงููุนูุฏุฉ ูู ุงูุชุณูููุ ููู ุจูุถู ุฏุนู ุงูุฃุณุงุชุฐุฉ ูุงูููุงุฑุฏ ุงููุชุงุญุฉ ูู ุงูุฌุงูุนุฉุ ุชูููุช ูู ุชุฌุงูุฒ ูุฐู ุงูุตุนูุจุงุช.\r\n\r\nุฎูุงู ุงูุณูุฉ ุงูุซุงูุซุฉุ ุดุงุฑูุช ูู ูุณุงุจูุฉ ูุฎุทุท ุงูุชุณููู ุนูู ูุณุชูู ุงูุฌุงูุนุงุชุ ูุญุตู ูุฑูููุง ุนูู ุงููุฑูุฒ ุงูุฃูู. ูุงูุช ูุฐู ุงูุชุฌุฑุจุฉ ููุทุฉ ุชุญูู ูู ูุณูุฑุชูุ ุญูุซ ููุญุชูู ุงูุซูุฉ ูุงูุฎุจุฑุฉ ุงูุนูููุฉ ุงูุชู ุงุญุชุฌุชูุง.\r\n\r\nุจุนุฏ ุงูุชุฎุฑุฌุ ุญุตูุช ุนูู ูุฑุตุฉ ููุชุฏุฑูุจ ูู ุดุฑูุฉ ุฃูุงุฒููุ ูุจุนุฏ ุณุชุฉ ุฃุดูุฑุ ุนูุฑุถุช ุนูู ูุธููุฉ ุฏุงุฆูุฉ. ุงููููุ ุฃุนูู ููุฏูุฑุฉ ุชุณูููุ ูุฃููุฏ ูุฑูููุง ุฏููููุงุ ูุฃุดุงุฑู ูู ูุถุน ุงุณุชุฑุงุชูุฌูุงุช ุงูุชุณููู ุงูุนุงูููุฉ ููุดุฑูุฉ.\r\n\r\nุฃูุตุญ ุทูุงุจ ุฅุฏุงุฑุฉ ุงูุฃุนูุงู ุจุงูุงุณุชูุงุฏุฉ ูู ุฌููุน ุงููุฑุต ุงููุชุงุญุฉ ูู ุงูุฌุงูุนุฉุ ูุงููุดุงุฑูุฉ ูู ุงููุณุงุจูุงุช ูุงููุนุงููุงุชุ ูุจูุงุก ุดุจูุฉ ุนูุงูุงุช ููููุฉ ูููุฉุ ููุฐู ูู ููุงุชูุญ ุงููุฌุงุญ ูู ุนุงูู ุงูุฃุนูุงู ุงูููู.', 'My journey in the College of Business Administration was full of challenges and opportunities. At first, I had difficulty understanding some complex marketing concepts, but thanks to the support of professors and resources available at the university, I was able to overcome these difficulties.\r\n\r\nDuring my third year, I participated in a marketing plan competition at the university level, and our team won first place. This experience was a turning point in my career, giving me the confidence and practical experience I needed.\r\n\r\nAfter graduation, I got an internship opportunity at Amazon, and after six months, I was offered a permanent position. Today, I work as a Marketing Manager, leading an international team, and participating in setting global marketing strategies for the company.\r\n\r\nI advise business administration students to take advantage of all the opportunities available at the university, participate in competitions and events, and build a strong professional network, as these are the keys to success in today\'s business world.', 980, 'ููุฑ-ุงููุฏู-ุนูู-ูุตุฉ-ูุฌุงุญ', 'noor-al-huda-ali-success-story', '2023-07-20 07:15:00', '2025-06-21 23:06:15', '2025-06-21 23:06:15'),
(3, 3, 'ุงูุฏุนู ุงูุฐู ุชูููุชู ูู ุงูุฌุงูุนุฉ ููููู ูู ุชุญููู ุญููู ูู ุฃู ุฃุตุจุญ ุทุจูุจูุง ูุงุฌุญูุง ูุณุงุนุฏ ุงูุขุฎุฑูู.', 'The support I received from the university enabled me to achieve my dream of becoming a successful doctor helping others.', 'ููุฐ ุงูุตุบุฑุ ูุงู ุญููู ุฃู ุฃุตุจุญ ุทุจูุจูุง. ุนูุฏูุง ุงูุชุญูุช ุจูููุฉ ุงูุทุจ ูู ุฌุงูุนุฉ ุงูุฑูุงุฏุฉุ ุฃุฏุฑูุช ุฃู ุงูุทุฑูู ุณูููู ุทูููุงู ูุตุนุจูุงุ ููู ุดุบูู ุจุงูุทุจ ูุงู ุฃููู ูู ุฃู ุชุญุฏู.\r\n\r\nุฎูุงู ุณููุงุช ุงูุฏุฑุงุณุฉุ ุงุณุชูุฏุช ูุซูุฑูุง ูู ุงููุฎุชุจุฑุงุช ุงููุชุทูุฑุฉ ูุงููุณุชุดูู ุงูุชุนูููู ุงูุชุงุจุน ููุฌุงูุนุฉ. ูุงู ุงูุฃุณุงุชุฐุฉ ูุงูุฃุทุจุงุก ุงููุดุฑููู ูุตุฏุฑ ุฅููุงู ููุ ููุฏููุง ูู ุงูุฏุนู ูุงูุชูุฌูู ุงูุฐู ุงุญุชุฌุชู.\r\n\r\nุจุนุฏ ุงูุชุฎุฑุฌุ ุฃูููุช ูุชุฑุฉ ุงูุงูุชูุงุฒ ูู ูุณุชุดูู ุงูุชุฎุตุตูุ ุซู ุญุตูุช ุนูู ุงูุฒูุงูุฉ ูู ุทุจ ุงูุจุงุทูุฉ. ุงููููุ ุฃุนูู ูุทุจูุจ ุงุณุชุดุงุฑูุ ูุฃุณุนู ุฌุงูุฏูุง ูุชูุฏูู ุฃูุถู ุฑุนุงูุฉ ููููุฉ ููุฑุถุงู.\r\n\r\nุฃุดุนุฑ ุจุงูุงูุชูุงู ุงูุนููู ููุชุนููู ุงูุฐู ุชูููุชู ูู ุฌุงูุนุฉ ุงูุฑูุงุฏุฉุ ูุฃุญุงูู ุฑุฏ ุงูุฌููู ูู ุฎูุงู ุงููุดุงุฑูุฉ ูู ุจุฑุงูุฌ ุงูุชุฏุฑูุจ ูุงูุชูุฌูู ููุทูุงุจ ุงูุฌุฏุฏ. ุฑุณุงูุชู ูุทูุงุจ ุงูุทุจ ูู: ุชูุณููุง ุจุดุบูููุ ูุงุณุชูุฑูุง ูู ุงูุชุนููุ ูุถุนูุง ุงููุฑูุถ ุฏุงุฆููุง ูู ุงูููุงู ุงูุฃูู.', 'Since childhood, my dream was to become a doctor. When I joined the College of Medicine at Alryada University, I realized that the road would be long and difficult, but my passion for medicine was stronger than any challenge.\r\n\r\nDuring my years of study, I benefited greatly from the advanced laboratories and the university teaching hospital. The professors and supervising doctors were a source of inspiration to me, and they provided me with the support and guidance I needed.\r\n\r\nAfter graduation, I completed my internship at the Specialized Hospital, then obtained a fellowship in internal medicine. Today, I work as a consultant physician, and I strive to provide the best possible care to my patients.\r\n\r\nI feel deep gratitude for the education I received at Alryada University, and I try to give back by participating in training and mentoring programs for new students. My message to medical students is: hold on to your passion, continue learning, and always put the patient first.', 1141, 'ุนุจุฏุงููู-ูุญูุฏ-ูุตุฉ-ูุฌุงุญ', 'abdullah-mohammed-success-story', '2023-08-05 11:45:00', '2025-06-21 23:06:15', '2025-07-06 15:18:59'),
(4, 4, 'ุงูุดุบู ุจุงูุฑูุงุถูุงุช ูุงูุชุนูู ุงููุณุชูุฑ ูุงุฏูู ุฅูู ูุฌุงู ุนููู ุงูุจูุงูุงุช ูุชุญููู ุงูุจูุงูุงุช ุงูุถุฎูุฉ.', 'Passion for mathematics and continuous learning led me to the field of data science and big data analysis.', 'ููุฐ ุงููุฑุญูุฉ ุงูุซุงูููุฉุ ููุช ุดุบููุฉ ุจุงูุฑูุงุถูุงุช ูุงูุญุงุณูุจ. ุนูุฏูุง ุญุงู ููุช ุงุฎุชูุงุฑ ุงูุชุฎุตุต ุงูุฌุงูุนูุ ูู ุฃุชุฑุฏุฏ ูู ุงุฎุชูุงุฑ ุนููู ุงูุญุงุณุจ ูู ุฌุงูุนุฉ ุงูุฑูุงุฏุฉ.\r\n\r\nุฎูุงู ุฏุฑุงุณุชูุ ุงูุชุดูุช ูุฌุงู ุนููู ุงูุจูุงูุงุชุ ูุฃุฏุฑูุช ุฃูู ูุฌูุน ุจูู ุดุบูู ุจุงูุฑูุงุถูุงุช ูุงูุจุฑูุฌุฉ. ูุฑุฑุช ุงูุชุฎุตุต ูู ูุฐุง ุงููุฌุงูุ ูุดุงุฑูุช ูู ุงูุนุฏูุฏ ูู ุงููุดุงุฑูุน ุงูุจุญุซูุฉ ูุงูุชุทุจูููุฉ.\r\n\r\nุจุนุฏ ุงูุชุฎุฑุฌุ ุงูุชุญูุช ุจุจุฑูุงูุฌ ุชุฏุฑูุจู ูู ุดุฑูุฉ ูุงููุฑูุณููุชุ ูุนููุช ุนูู ูุดุงุฑูุน ุชุญููู ุงูุจูุงูุงุช ุงูุถุฎูุฉ. ุจุนุฏ ุนุงูุ ุญุตูุช ุนูู ูุธููุฉ ุฏุงุฆูุฉ ูุนุงููุฉ ุจูุงูุงุชุ ูุฃุนูู ุงูุขู ุนูู ุชุทููุฑ ุฎูุงุฑุฒููุงุช ุงูุชุนูู ุงูุขูู ูุชุญููู ุงูุจูุงูุงุช ูุชุญุณูู ููุชุฌุงุช ุงูุดุฑูุฉ.\r\n\r\nุฃูุตุญ ุงูุทูุงุจ ุงูููุชููู ุจูุฌุงู ุนููู ุงูุจูุงูุงุช ุจุงูุชุฑููุฒ ุนูู ุฃุณุงุณูุงุช ุงูุฑูุงุถูุงุช ูุงูุฅุญุตุงุกุ ูุชุทููุฑ ููุงุฑุงุช ุงูุจุฑูุฌุฉุ ูุงููุดุงุฑูุฉ ูู ุงููุดุงุฑูุน ุงูุนูููุฉ. ุงููุฌุงู ูุชุทูุฑ ุจุงุณุชูุฑุงุฑุ ูุฐุง ูุฅู ุงูุชุนูู ุงููุณุชูุฑ ูู ููุชุงุญ ุงููุฌุงุญ.', 'Since high school, I was passionate about mathematics and computers. When it was time to choose a university major, I didn\'t hesitate to choose Computer Science at Alryada University.\r\n\r\nDuring my studies, I discovered the field of data science, and realized that it combines my passion for mathematics and programming. I decided to specialize in this field, and participated in many research and applied projects.\r\n\r\nAfter graduation, I joined a training program at Microsoft, and worked on big data analysis projects. After a year, I got a permanent position as a Data Scientist, and now I work on developing machine learning algorithms and data analysis to improve the company\'s products.\r\n\r\nI advise students interested in data science to focus on the fundamentals of mathematics and statistics, develop programming skills, and participate in practical projects. The field is constantly evolving, so continuous learning is the key to success.', 861, 'ุณุงุฑุฉ-ุฎุงูุฏ-ูุตุฉ-ูุฌุงุญ', 'sara-khalid-success-story', '2023-09-10 06:20:00', '2025-06-21 23:06:15', '2025-06-24 15:37:00');

-- --------------------------------------------------------

--
-- ุจููุฉ ุงูุฌุฏูู `application_steps`
--

CREATE TABLE `application_steps` (
  `id` int(11) NOT NULL,
  `step_order` int(11) NOT NULL,
  `title_ar` varchar(255) NOT NULL,
  `title_en` varchar(255) NOT NULL,
  `description_ar` text DEFAULT NULL,
  `description_en` text DEFAULT NULL,
  `icon` varchar(100) DEFAULT NULL
) ENGINE=InnoDB DEFAULT CHARSET=utf8mb4 COLLATE=utf8mb4_general_ci;

--
-- ุฅุฑุฌุงุน ุฃู ุงุณุชูุฑุงุฏ ุจูุงูุงุช ุงูุฌุฏูู `application_steps`
--

INSERT INTO `application_steps` (`id`, `step_order`, `title_ar`, `title_en`, `description_ar`, `description_en`, `icon`) VALUES
(1, 1, 'ุชุนุจุฆุฉ ูููุฐุฌ ุทูุจ ุงูุงูุชุญุงู', 'Fill out the application form', 'ูู ุจุชุนุจุฆุฉ ูููุฐุฌ ุทูุจ ุงูุงูุชุญุงู ุนุจุฑ ุงูุฅูุชุฑูุช ูุชูุฏูู ุงููุนูููุงุช ุงูุดุฎุตูุฉ ูุงูุฃูุงุฏูููุฉ ุงููุทููุจุฉ', 'Complete the online application form and provide the required personal and academic information', 'FaWpforms'),
(2, 2, 'ุฑูุน ุงููุณุชูุฏุงุช ุงููุทููุจุฉ', 'Upload required documents', 'ูู ุจุฑูุน ูุณุฎ ุฅููุชุฑูููุฉ ูู ุงููุณุชูุฏุงุช ุงููุทููุจุฉ ูุซู ุดูุงุฏุฉ ุงูุซุงูููุฉ ุงูุนุงูุฉ ูุตูุฑุฉ ุงููููุฉ', 'Upload electronic copies of required documents such as high school certificate and ID', 'FaFileUpload'),
(3, 3, 'ุฏูุน ุฑุณูู ุงูุชุณุฌูู', 'Pay registration fees', 'ูู ุจุฏูุน ุฑุณูู ุงูุชุณุฌูู ุนุจุฑ ุจูุงุจุฉ ุงูุฏูุน ุงูุฅููุชุฑููู ุฃู ูู ููุฑ ุงูุฌุงูุนุฉ', 'Pay registration fees through the electronic payment gateway or at the university headquarters', 'FaCreditCard'),
(4, 4, 'ุงูุชุธุงุฑ ูุชูุฌุฉ ุงููุจูู', 'Wait for admission result', 'ุงูุชุธุฑ ุฅุดุนุงุฑ ูุชูุฌุฉ ุงููุจูู ุนุจุฑ ุงูุจุฑูุฏ ุงูุฅููุชุฑููู ุฃู ุฑุณุงูุฉ ูุตูุฉ (ุนุงุฏุฉ ุฎูุงู 3-5 ุฃูุงู ุนูู)', 'Wait for admission result notification via email or text message (usually within 3-5 business days)', 'FaHourglassHalf'),
(5, 5, 'ุงุณุชููุงู ุฅุฌุฑุงุกุงุช ุงูุชุณุฌูู ุงูููุงุฆู', 'Complete final registration procedures', 'ุจุนุฏ ูุจูููุ ูู ุจุงุณุชููุงู ุฅุฌุฑุงุกุงุช ุงูุชุณุฌูู ุงูููุงุฆู ูุญุถูุฑ ุงูููู ุงูุชุนุฑููู ููุทูุงุจ ุงูุฌุฏุฏ', 'After acceptance, complete final registration procedures and attend the orientation day for new students', 'FaUserGraduate');

-- --------------------------------------------------------

--
-- ุจููุฉ ุงูุฌุฏูู `colleges`
--

CREATE TABLE `colleges` (
  `id` int(11) NOT NULL,
  `hero_title` varchar(255) NOT NULL,
  `hero_title_en` varchar(255) DEFAULT NULL,
  `hero_subtitle` varchar(255) DEFAULT NULL,
  `hero_subtitle_en` varchar(255) DEFAULT NULL,
  `hero_image_url` varchar(255) DEFAULT NULL,
  `about_content` text DEFAULT NULL,
  `about_content_en` text DEFAULT NULL,
  `dean_name` varchar(255) DEFAULT NULL,
  `dean_name_en` varchar(255) DEFAULT NULL,
  `dean_title` varchar(255) DEFAULT NULL,
  `dean_title_en` varchar(255) DEFAULT NULL,
  `dean_image_url` varchar(255) DEFAULT NULL,
  `dean_message` text DEFAULT NULL,
  `dean_message_en` text DEFAULT NULL,
  `updated_at` datetime DEFAULT current_timestamp() ON UPDATE current_timestamp()
) ENGINE=InnoDB DEFAULT CHARSET=utf8mb4 COLLATE=utf8mb4_general_ci;

--
-- ุฅุฑุฌุงุน ุฃู ุงุณุชูุฑุงุฏ ุจูุงูุงุช ุงูุฌุฏูู `colleges`
--

INSERT INTO `colleges` (`id`, `hero_title`, `hero_title_en`, `hero_subtitle`, `hero_subtitle_en`, `hero_image_url`, `about_content`, `about_content_en`, `dean_name`, `dean_name_en`, `dean_title`, `dean_title_en`, `dean_image_url`, `dean_message`, `dean_message_en`, `updated_at`) VALUES
(1, 'ูููุฉ ุงูููุฏุณุฉ ูุชูููุฉ ุงููุนููุงุช', 'College of Engineering', 'ูุญู ูุณุชูุจู ููุฏุณู ุงูุถู', 'Towards a better engineering future', '/colloge/3.jpg', 'ุชุฃุณุณุช ูููุฉ ุงูููุฏุณุฉ ูู ุฌุงูุนุฉ ุงูุฑูุงุฏุฉ ูุชููู ููุงุฑุฉ ููุชุนููู ุงูููุฏุณู ุงููุชููุฒ. ูุณุนู ูุชุฎุฑูุฌ ูููุฏุณูู ุฃููุงุก ูุงุฏุฑูู ุนูู ุงููุณุงููุฉ ูู ุชุทููุฑ ุงููุทุงุน ุงูููุฏุณู ูุงูุชูููููุฌู ูู ุงููุฌุชูุน.', 'The College of Engineering at Al-Riyada University was established to be a beacon of distinguished engineering education. We aim to graduate competent engineers capable of contributing to the development of the engineering and technological sector in society.', 'ุฃ.ุฏ. ุงุญูุฏ ุนุจุฏุฉ', 'Prof. Ahmed Abdu', 'ุนููุฏ ูููุฉ ุงูููุฏุณุฉ', 'Dean of the College of Engineering', '/deans/1737840705873.jpg', 'ูุต ุชุฌุฑูุจู ูุต ุชุฌุฑูุจู ูุต ุชุฌุฑูุจู ูุต ุชุฌุฑูุจู ูุต ุชุฌุฑูุจู ูุต ุชุฌุฑูุจู ูุต ุชุฌุฑูุจู ูุต ุชุฌุฑูุจู ูุต ุชุฌุฑูุจู ูุต ุชุฌุฑูุจู ูุต ุชุฌุฑูุจู ูุต ุชุฌุฑูุจู ูุต ุชุฌุฑูุจู ูุต ุชุฌุฑูุจู ูุต ุชุฌุฑูุจู ูุต ุชุฌุฑูุจู ูุต ุชุฌุฑูุจู.', 'Experimental Text Experimental Text Experimental Text Experimental Text Experimental Text Experimental Text Experimental Text Experimental Text Experimental Text Experimental Text Experimental Text Experimental Text  ', '2025-07-08 03:01:01'),
(2, 'ูููุฉ ุงูุทุจ', 'College of Medicine', 'ูุญู ูุณุชูุจู ุตุญู ุฃูุถู', 'Towards a better health future', '/colloge/1.jpg', '\r\nุชุฃุณุณุช ูููุฉ ุงูุทุจ ูู ุฌุงูุนุฉ ุงูุฑูุงุฏุฉ ุจูุฏู ุชูุฏูู ุชุนููู ุทุจู ูุชููุฒ ููู ุฃุญุฏุซ ุงููุนุงููุฑ ุงูุนุงูููุฉ. ูุญู ูุณุนู ูุชุฎุฑูุฌ ุฃุทุจุงุก ูุคูููู ูุงุฏุฑูู ุนูู ุฎุฏูุฉ ุงููุฌุชูุน ูุชุทููุฑ ุงููุทุงุน ุงูุตุญู.', 'The College of Medicine at Al-Riyada University was established to provide distinguished medical education according to the latest global standards. We aim to graduate qualified doctors capable of serving the community and developing the health sector.', 'ุฃ.ุฏ. ูุงุทูุฉ', 'Prof. Fatima', 'ุนููุฏ ูููุฉ ุงูุทุจ', 'Dean of the College of Medicine', '/image/1.jpg', 'ูุต ุชุฌุฑูุจู ูุต ุชุฌุฑูุจู ูุต ุชุฌุฑูุจู ูุต ุชุฌุฑูุจู ูุต ุชุฌุฑูุจู ูุต ุชุฌุฑูุจู ูุต ุชุฌุฑูุจู ูุต ุชุฌุฑูุจู ูุต ุชุฌุฑูุจู ูุต ุชุฌุฑูุจู ูุต ุชุฌุฑูุจู ูุต ุชุฌุฑูุจู ูุต ุชุฌุฑูุจู ูุต ุชุฌุฑูุจู ูุต ุชุฌุฑูุจู ูุต ุชุฌุฑูุจู ูุต ุชุฌุฑูุจู.', 'Experimental Text Experimental Text Experimental Text Experimental Text Experimental Text Experimental Text Experimental Text Experimental Text Experimental Text Experimental Text Experimental Text Experimental Text  ', '2025-07-09 13:20:18'),
(3, 'ูููุฉ ุงูุนููู ุงูุฅุฏุงุฑูุฉ', 'College of Administrative Sciences', 'ูุนุฏ ูุงุฏุฉ ุงููุณุชูุจู ูู ูุฌุงู ุงูุฃุนูุงู ูุงูุฅุฏุงุฑุฉ', 'Preparing future leaders in business and management', '/colloge/4.jpg', 'ุชุฃุณุณุช ูููุฉ ุงูุนููู ุงูุฅุฏุงุฑูุฉ ุนุงู 2005 ูุชููู ูุฑูุฒุงู ูุชููุฒุงู ููุชุนููู ูุงูุจุญุซ ูู ูุฌุงูุงุช ุฅุฏุงุฑุฉ ุงูุฃุนูุงูุ ุงููุงููุฉุ ุงูุชุณูููุ ูุงูููุงุฑุฏ ุงูุจุดุฑูุฉ. ุชูุฏู ุงููููุฉ ุฅูู ุฅุนุฏุงุฏ ุฌูู ูู ุงููุงุฏุฉ ูุงููุฏูุฑูู ุงููุคูููู ููููุงูุณุฉ ูู ุณูู ุงูุนูู ุงููุญูู ูุงูุนุงููู.\r\n\r\nุชุชุจูู ุงููููุฉ ุฃุญุฏุซ ุงุณุชุฑุงุชูุฌูุงุช ุงูุชุนููู ูุชููุฑ ุจุฑุงูุฌ ุฏุฑุงุณูุฉ ูุชููุนุฉ ุชูุงูุจ ุงุญุชูุงุฌุงุช ุณูู ุงูุนูู ูุชุณุชุฌูุจ ููุชุญุฏูุงุช ุงููุนุงุตุฑุฉ ูู ุนุงูู ุงูุฃุนูุงู. ูุชู ุงูุชุฑููุฒ ุนูู ุชุทููุฑ ููุงุฑุงุช ุงูุทูุงุจ ูู ุงูุชูููุฑ ุงูููุฏูุ ุงูุงุจุชูุงุฑุ ูุงูุนูู ุงูุฌูุงุนูุ ุฅูู ุฌุงูุจ ุงููุนุฑูุฉ ุงููุธุฑูุฉ ูุงูุชุทุจูููุฉ.', 'The College of Administrative Sciences was established in 2005 to be a distinguished center for education and research in the fields of business administration, finance, marketing, and human resources. The college aims to prepare a generation of leaders and managers qualified to compete in the local and global labor market.', 'ุฃ.ุฏ. ูุญูุฏ ุงูุณุนูุฏ', 'Prof. Mohamed Saeed', 'ุนููุฏ ูููุฉ ุงูุนููู ุงูุฅุฏุงุฑูุฉ', 'Dean of the College of Administrative Sciences', '/image/1.jpg', 'ูุต ุชุฌุฑูุจู ูุต ุชุฌุฑูุจู ูุต ุชุฌุฑูุจู ูุต ุชุฌุฑูุจู ูุต ุชุฌุฑูุจู ูุต ุชุฌุฑูุจู ูุต ุชุฌุฑูุจู ูุต ุชุฌุฑูุจู ูุต ุชุฌุฑูุจู ูุต ุชุฌุฑูุจู ูุต ุชุฌุฑูุจู ูุต ุชุฌุฑูุจู ูุต ุชุฌุฑูุจู ูุต ุชุฌุฑูุจู ูุต ุชุฌุฑูุจู ูุต ุชุฌุฑูุจู ูุต ุชุฌุฑูุจู.', 'Experimental Text Experimental Text Experimental Text Experimental Text Experimental Text Experimental Text Experimental Text Experimental Text Experimental Text Experimental Text Experimental Text Experimental Text  ', '2025-07-05 23:05:13');

-- --------------------------------------------------------

--
-- ุจููุฉ ุงูุฌุฏูู `college_goals`
--

CREATE TABLE `college_goals` (
  `id` int(11) NOT NULL,
  `college_id` int(11) NOT NULL,
  `goal_title` varchar(255) NOT NULL,
  `goal_title_en` varchar(255) DEFAULT NULL,
  `goal_description` text DEFAULT NULL,
  `goal_description_en` text DEFAULT NULL,
  `goal_order` int(11) DEFAULT 0,
  `icon` varchar(50) DEFAULT NULL,
  `created_at` datetime DEFAULT current_timestamp(),
  `updated_at` datetime DEFAULT current_timestamp() ON UPDATE current_timestamp()
) ENGINE=InnoDB DEFAULT CHARSET=utf8mb4 COLLATE=utf8mb4_general_ci;

--
-- ุฅุฑุฌุงุน ุฃู ุงุณุชูุฑุงุฏ ุจูุงูุงุช ุงูุฌุฏูู `college_goals`
--

INSERT INTO `college_goals` (`id`, `college_id`, `goal_title`, `goal_title_en`, `goal_description`, `goal_description_en`, `goal_order`, `icon`, `created_at`, `updated_at`) VALUES
(2, 1, 'ุนุฒูุฒ ุงูุจุญุซ ุงูุนููู', 'Enhance Scientific Research', 'ุฏุนู ูุชุดุฌูุน ุงูุจุญุซ ุงูุนููู ูุฑุจุทู ุจุงุญุชูุงุฌุงุช ุงููุฌุชูุน ูุงูุตูุงุนุฉ', 'Supporting and encouraging scientific research and linking it to the needs of society and industry', 2, 'microscope', '2025-07-05 18:01:52', '2025-07-08 16:17:06'),
(3, 1, 'ุงูุชุทููุฑ ุงููููู', 'Professional Development', 'ุชุทููุฑ ุงูููุงุฑุงุช ุงูููููุฉ ููุทูุงุจ ูุฃุนุถุงุก ููุฆุฉ ุงูุชุฏุฑูุณ', 'Developing professional skills for students and faculty members', 3, 'users', '2025-07-05 18:01:52', '2025-07-05 18:01:52'),
(4, 2, 'ุงูุชููุฒ ุงูุฃูุงุฏููู', 'Academic Excellence', 'ุชุญููู ุงูุชููุฒ ูู ุงูุชุนููู ุงูุทุจู ููู ุงููุนุงููุฑ ุงูุนุงูููุฉ', 'Achieving excellence in medical education according to international standards', 1, 'award', '2025-07-05 18:01:52', '2025-07-05 18:01:52'),
(5, 2, 'ุงูุจุญุซ ูุงูุงุจุชูุงุฑ', 'Research and Innovation', 'ุชุนุฒูุฒ ุงูุจุญุซ ุงูุนููู ูุงูุงุจุชูุงุฑ ูู ุงููุฌุงู ุงูุทุจู', 'Promoting scientific research and innovation in the medical field', 2, 'lab', '2025-07-05 18:01:52', '2025-07-05 18:01:52'),
(6, 2, 'ุฎุฏูุฉ ุงููุฌุชูุน', 'Community Service', 'ุงููุณุงููุฉ ูู ุชุญุณูู ุงูุตุญุฉ ุงูุนุงูุฉ ูุชูุฏูู ุงูุฎุฏูุงุช ุงูุทุจูุฉ ูููุฌุชูุน', 'Contributing to improving public health and providing medical services to the community', 3, 'heart', '2025-07-05 18:01:52', '2025-07-05 18:01:52'),
(7, 3, 'ุงูุชุนููู ุงููุชููุฒ', 'Distinguished Education', 'ุชูุฏูู ุจุฑุงูุฌ ุชุนููููุฉ ูุชููุฒุฉ ุชูุจู ุงุญุชูุงุฌุงุช ุณูู ุงูุนูู', 'Providing distinguished educational programs that meet labor market needs', 1, 'graduation-cap', '2025-07-05 18:01:52', '2025-07-05 18:01:52'),
(8, 3, 'ุงูุดุฑุงูุงุช ุงูุงุณุชุฑุงุชูุฌูุฉ', 'Strategic Partnerships', 'ุจูุงุก ุดุฑุงูุงุช ุงุณุชุฑุงุชูุฌูุฉ ูุน ุงููุทุงุน ุงูุฎุงุต ูุงููุคุณุณุงุช ุงูุฃูุงุฏูููุฉ', 'Building strategic partnerships with the private sector and academic institutions', 2, 'handshake', '2025-07-05 18:01:52', '2025-07-05 18:01:52'),
(9, 3, 'ุฑูุงุฏุฉ ุงูุฃุนูุงู', 'Entrepreneurship', 'ุชุนุฒูุฒ ุซูุงูุฉ ุฑูุงุฏุฉ ุงูุฃุนูุงู ูุงูุงุจุชูุงุฑ ูุฏู ุงูุทูุงุจ', 'Promoting entrepreneurship and innovation culture among students', 3, 'lightbulb', '2025-07-05 18:01:52', '2025-07-05 18:01:52');

-- --------------------------------------------------------

--
-- ุจููุฉ ุงูุฌุฏูู `college_vision_mission`
--

CREATE TABLE `college_vision_mission` (
  `id` int(11) NOT NULL,
  `college_id` int(11) NOT NULL,
  `vision` text DEFAULT NULL,
  `vision_en` text DEFAULT NULL,
  `mission` text DEFAULT NULL,
  `mission_en` text DEFAULT NULL,
  `created_at` datetime DEFAULT current_timestamp(),
  `updated_at` datetime DEFAULT current_timestamp() ON UPDATE current_timestamp()
) ENGINE=InnoDB DEFAULT CHARSET=utf8mb4 COLLATE=utf8mb4_general_ci;

--
-- ุฅุฑุฌุงุน ุฃู ุงุณุชูุฑุงุฏ ุจูุงูุงุช ุงูุฌุฏูู `college_vision_mission`
--

INSERT INTO `college_vision_mission` (`id`, `college_id`, `vision`, `vision_en`, `mission`, `mission_en`, `created_at`, `updated_at`) VALUES
(1, 1, 'ุฃู ูููู ูููุฉ ุฑุงุฆุฏุฉ ูู ุงูุชุนููู ุงูููุฏุณู ูุงูุจุญุซ ุงูุนููู ุนูู ุงููุณุชูู ุงููุญูู ูุงูุฅููููู', 'To be a leading college in engineering education and scientific research at the local and regional levels', 'ุชูุฏูู ุชุนููู ููุฏุณู ูุชููุฒ ูุฅุฌุฑุงุก ุจุญูุซ ุนูููุฉ ูุจุชูุฑุฉ ุชุฎุฏู ุงููุฌุชูุน ูุชูุจู ุงุญุชูุงุฌุงุช ุณูู ุงูุนูู', 'Providing distinguished engineering education and conducting innovative scientific research that serves society and meets labor market needs', '2025-07-05 18:01:52', '2025-07-05 18:01:52'),
(2, 2, 'ุฃู ูููู ูุฑูุฒุงู ูุชููุฒุงู ูู ุงูุชุนููู ุงูุทุจู ูุงูุจุญุซ ุงูุนููู ูุงูุฑุนุงูุฉ ุงูุตุญูุฉ', 'To be a distinguished center in medical education, scientific research and healthcare', 'ุฅุนุฏุงุฏ ุฃุทุจุงุก ูุคูููู ูุงุฏุฑูู ุนูู ุชูุฏูู ุฑุนุงูุฉ ุตุญูุฉ ุนุงููุฉ ุงูุฌูุฏุฉ ูุฅุฌุฑุงุก ุจุญูุซ ุทุจูุฉ ูุชูุฏูุฉ', 'Preparing qualified doctors capable of providing high-quality healthcare and conducting advanced medical research', '2025-07-05 18:01:52', '2025-07-05 18:01:52'),
(3, 3, 'ุฃู ูููู ูููุฉ ุฑุงุฆุฏุฉ ูู ุชุนููู ูุจุญูุซ ุงูุนููู ุงูุฅุฏุงุฑูุฉ ุนูู ุงููุณุชูู ุงููุทูู ูุงูุฅููููู', 'To be a leading college in administrative sciences education and research at the national and regional levels', 'ุฅุนุฏุงุฏ ูุงุฏุฉ ูุคูููู ูู ูุฌุงู ุงูุฃุนูุงู ูุงูุฅุฏุงุฑุฉ ูุงุฏุฑูู ุนูู ุงูููุงูุณุฉ ูู ุณูู ุงูุนูู ูุฎุฏูุฉ ุงููุฌุชูุน', 'Preparing qualified leaders in business and management capable of competing in the labor market and serving society', '2025-07-05 18:01:52', '2025-07-05 18:01:52');

-- --------------------------------------------------------

--
-- ุจููุฉ ุงูุฌุฏูู `contact_info`
--

CREATE TABLE `contact_info` (
  `contact_id` int(11) NOT NULL,
  `section_id` int(11) NOT NULL,
  `type` varchar(50) NOT NULL,
  `value` text NOT NULL,
  `icon` varchar(50) DEFAULT NULL
) ENGINE=InnoDB DEFAULT CHARSET=utf8mb4 COLLATE=utf8mb4_general_ci;

--
-- ุฅุฑุฌุงุน ุฃู ุงุณุชูุฑุงุฏ ุจูุงูุงุช ุงูุฌุฏูู `contact_info`
--

INSERT INTO `contact_info` (`contact_id`, `section_id`, `type`, `value`, `icon`) VALUES
(40, 2, 'address', 'ุตูุนุงุก - ุดุงุฑุน ุงูุณุชูู - ุฌูุงุฑ ุฌุงูุนุฉ ุงูุนูู', 'FaMapMarkerAlt'),
(41, 2, 'phone', '+967 1 234 5678', 'FaPhone'),
(42, 2, 'email', '   Alryada@gmail.com', 'FaEnvelope');

-- --------------------------------------------------------

--
-- ุจููุฉ ุงูุฌุฏูู `courses`
--

CREATE TABLE `courses` (
  `id` int(11) NOT NULL,
  `program_id` int(11) NOT NULL,
  `name_ar` varchar(255) NOT NULL,
  `name_en` varchar(255) DEFAULT NULL,
  `description` text DEFAULT NULL,
  `semester` int(11) DEFAULT NULL,
  `is_elective` tinyint(1) DEFAULT 0,
  `created_at` timestamp NOT NULL DEFAULT current_timestamp(),
  `updated_at` timestamp NOT NULL DEFAULT current_timestamp() ON UPDATE current_timestamp()
) ENGINE=InnoDB DEFAULT CHARSET=utf8mb4 COLLATE=utf8mb4_general_ci;

--
-- ุฅุฑุฌุงุน ุฃู ุงุณุชูุฑุงุฏ ุจูุงูุงุช ุงูุฌุฏูู `courses`
--

INSERT INTO `courses` (`id`, `program_id`, `name_ar`, `name_en`, `description`, `semester`, `is_elective`, `created_at`, `updated_at`) VALUES
(1, 1, 'ุฃุณุงุณูุงุช ุงูุจุฑูุฌุฉ', 'Programming Fundamentals', NULL, NULL, 0, '2025-06-01 19:13:19', '2025-06-29 04:01:35'),
(2, 1, 'ููุงูู ุงูุจูุงูุงุช ูุงูุฎูุงุฑุฒููุงุช', 'Data Structures and Algorithms', NULL, NULL, 0, '2025-06-01 19:13:19', '2025-06-29 04:01:25'),
(3, 1, 'ููุงุนุฏ ุงูุจูุงูุงุช', 'Database Systems', NULL, NULL, 0, '2025-06-01 19:13:19', '2025-06-29 04:01:17'),
(4, 1, 'ุดุจูุงุช ุงูุญุงุณูุจ', 'Computer Networks', NULL, NULL, 0, '2025-06-01 19:13:19', '2025-06-29 04:01:09'),
(5, 1, 'ุชุทููุฑ ุชุทุจููุงุช ุงูููุจ', 'Web Application Development', NULL, NULL, 0, '2025-06-01 19:13:19', '2025-06-29 04:00:57'),
(6, 1, 'ุชุทููุฑ ุชุทุจููุงุช ุงููุงุชู ุงููุญููู', NULL, NULL, NULL, 0, '2025-06-01 19:13:19', '2025-06-29 04:00:49'),
(7, 1, 'ุฃูู ุงููุนูููุงุช', NULL, NULL, NULL, 0, '2025-06-01 19:13:19', '2025-06-29 04:00:40'),
(8, 1, 'ุงูุฐูุงุก ุงูุงุตุทูุงุนู', NULL, NULL, NULL, 0, '2025-06-01 19:13:19', '2025-06-29 04:00:33'),
(9, 1, 'ุชุญููู ูุชุตููู ุงููุธู', NULL, NULL, NULL, 0, '2025-06-01 19:13:19', '2025-06-29 04:00:22'),
(10, 1, 'ุงูุญูุณุจุฉ ุงูุณุญุงุจูุฉ', NULL, NULL, NULL, 0, '2025-06-01 19:13:19', '2025-06-29 04:00:05'),
(11, 2, 'ูุจุงุฏุฆ ุงูุชุตููู ุงููุนูุงุฑู', 'Principles of Architectural Design', NULL, NULL, 0, '2025-06-03 11:43:54', '2025-06-21 01:42:07'),
(12, 2, 'ุงูุฑุณู ุงููุนูุงุฑู', 'Architectural Drawing', NULL, NULL, 0, '2025-06-03 11:43:54', '2025-06-21 01:42:07'),
(13, 2, 'ุชุงุฑูุฎ ุงูุนูุงุฑุฉ', 'History of Architecture', NULL, NULL, 0, '2025-06-03 11:43:54', '2025-06-21 01:42:07'),
(14, 2, 'ูุธุฑูุงุช ุงูุนูุงุฑุฉ', NULL, NULL, NULL, 0, '2025-06-03 11:43:54', '2025-06-03 11:43:54'),
(15, 2, 'ุชุตููู ุงููุจุงูู ุงูุณูููุฉ', NULL, NULL, NULL, 0, '2025-06-03 11:43:54', '2025-06-03 11:43:54'),
(16, 2, 'ุชุตููู ุงููุจุงูู ุงูุชุฌุงุฑูุฉ', NULL, NULL, NULL, 0, '2025-06-03 11:43:54', '2025-06-03 11:43:54'),
(17, 2, 'ุงูุนูุงุฑุฉ ุงููุณุชุฏุงูุฉ', NULL, NULL, NULL, 0, '2025-06-03 11:43:54', '2025-06-03 11:43:54'),
(18, 2, 'ุชุฎุทูุท ุงููุฏู', NULL, NULL, NULL, 0, '2025-06-03 11:43:54', '2025-06-03 11:43:54'),
(19, 2, 'ุชูููุงุช ุงูุจูุงุก', NULL, NULL, NULL, 0, '2025-06-03 11:43:54', '2025-06-03 11:43:54'),
(20, 2, 'ุงูุชุตููู ุจูุณุงุนุฏุฉ ุงูุญุงุณูุจ', NULL, NULL, NULL, 0, '2025-06-03 11:43:54', '2025-06-03 11:43:54'),
(21, 3, 'ูุจุงุฏุฆ ุงููุญุงุณุจุฉ ุงููุงููุฉ (1)', 'Principles of Financial Accounting (1)', 'ููุฏูุฉ ููููุงููู ุงูุฃุณุงุณูุฉ ูููุญุงุณุจุฉ ุงููุงููุฉ ูุชุณุฌูู ุงูุนูููุงุช.', 1, 0, '2025-06-04 14:40:31', '2025-06-04 14:40:31'),
(22, 3, 'ูุจุงุฏุฆ ุงููุญุงุณุจุฉ ุงููุงููุฉ (2)', 'Principles of Financial Accounting (2)', 'ุงุณุชููุงู ููุจุงุฏุฆ ุงููุญุงุณุจุฉ ุงููุงููุฉ ูุน ุงูุชุฑููุฒ ุนูู ุฅุนุฏุงุฏ ุงูููุงุฆู ุงููุงููุฉ.', 2, 0, '2025-06-04 14:40:31', '2025-06-04 14:40:31'),
(23, 3, 'ูุญุงุณุจุฉ ุงูุชูุงููู', 'Cost Accounting', 'ููุงููู ูุฃุณุงููุจ ูุญุงุณุจุฉ ุงูุชูุงููู ูู ุงูุดุฑูุงุช ุงูุตูุงุนูุฉ ูุงูุฎุฏููุฉ.', 3, 0, '2025-06-04 14:40:31', '2025-06-04 14:40:31'),
(24, 3, 'ุงููุญุงุณุจุฉ ุงููุชูุณุทุฉ (1)', 'Intermediate Accounting (1)', 'ุฏุฑุงุณุฉ ูุชุนููุฉ ูููุนุงููุฑ ุงููุญุงุณุจูุฉ ุงููุชุนููุฉ ุจุงูุฃุตูู ูุงูุงูุชุฒุงูุงุช.', 3, 0, '2025-06-04 14:40:31', '2025-06-04 14:40:31'),
(25, 3, 'ุงููุญุงุณุจุฉ ุงููุชูุณุทุฉ (2)', 'Intermediate Accounting (2)', 'ุงุณุชููุงู ูุฏุฑุงุณุฉ ุงููุนุงููุฑ ุงููุญุงุณุจูุฉ ุงููุชุนููุฉ ุจุญููู ุงูููููุฉ ูุงูุฅูุฑุงุฏุงุช ูุงููุตุฑููุงุช.', 4, 0, '2025-06-04 14:40:31', '2025-06-04 14:40:31'),
(26, 3, 'ูุธู ุงููุนูููุงุช ุงููุญุงุณุจูุฉ', 'Accounting Information Systems', 'ุชุตููู ูุชุทุจูู ูุธู ุงููุนูููุงุช ุงููุญุงุณุจูุฉ ูุฏูุฑูุง ูู ุงุชุฎุงุฐ ุงููุฑุงุฑุงุช.', 4, 0, '2025-06-04 14:40:31', '2025-06-04 14:40:31'),
(27, 3, 'ุงููุฑุงุฌุนุฉ ูุงูุชุฏููู', 'Auditing', 'ูุจุงุฏุฆ ูุฅุฌุฑุงุกุงุช ุงููุฑุงุฌุนุฉ ุงูุฏุงุฎููุฉ ูุงูุฎุงุฑุฌูุฉ ููููุงุฆู ุงููุงููุฉ.', 5, 0, '2025-06-04 14:40:31', '2025-06-04 14:40:31'),
(28, 3, 'ุงููุญุงุณุจุฉ ุงูุถุฑูุจูุฉ', 'Tax Accounting', 'ุงูููุงููู ูุงูููุงุฆุญ ุงูุถุฑูุจูุฉ ูุชุทุจููุงุชูุง ุงููุญุงุณุจูุฉ.', 5, 0, '2025-06-04 14:40:31', '2025-06-04 14:40:31'),
(29, 3, 'ุงููุญุงุณุจุฉ ุงูุฅุฏุงุฑูุฉ ุงููุชูุฏูุฉ', 'Advanced Management Accounting', 'ุงุณุชุฎุฏุงู ุงููุนูููุงุช ุงููุญุงุณุจูุฉ ูู ุงูุชุฎุทูุท ูุงูุฑูุงุจุฉ ูุงุชุฎุงุฐ ุงููุฑุงุฑุงุช ุงูุฅุฏุงุฑูุฉ.', 6, 0, '2025-06-04 14:40:31', '2025-06-04 14:40:31'),
(30, 3, 'ูุนุงููุฑ ุงููุญุงุณุจุฉ ุงูุฏูููุฉ', 'International Accounting Standards', 'ุฏุฑุงุณุฉ ุงููุนุงููุฑ ุงูุฏูููุฉ ูุฅุนุฏุงุฏ ุงูุชูุงุฑูุฑ ุงููุงููุฉ (IFRS).', 6, 0, '2025-06-04 14:40:31', '2025-06-04 14:40:31'),
(31, 4, 'ูุจุงุฏุฆ ุงูุฅุฏุงุฑุฉ', 'Principles of Management', NULL, NULL, 0, '2025-06-04 14:57:16', '2025-06-04 14:57:16'),
(32, 4, 'ุงูุณููู ุงูุชูุธููู', 'Organizational Behavior', NULL, NULL, 0, '2025-06-04 14:57:16', '2025-06-04 14:57:16'),
(33, 4, 'ุฅุฏุงุฑุฉ ุงูููุงุฑุฏ ุงูุจุดุฑูุฉ', 'Human Resource Management', NULL, NULL, 0, '2025-06-04 14:57:16', '2025-06-04 14:57:16'),
(34, 4, 'ุงูุชุณููู', 'Marketing', NULL, NULL, 0, '2025-06-04 14:57:16', '2025-06-04 14:57:16'),
(35, 4, 'ุงููุญุงุณุจุฉ ุงููุงููุฉ', 'Financial Accounting', NULL, NULL, 0, '2025-06-04 14:57:16', '2025-06-04 14:57:16'),
(36, 4, 'ุฑูุงุฏุฉ ุงูุฃุนูุงู', 'Entrepreneurship', NULL, NULL, 0, '2025-06-04 14:57:16', '2025-06-04 14:57:16'),
(37, 4, 'ุงูุฅุฏุงุฑุฉ ุงูุงุณุชุฑุงุชูุฌูุฉ', 'Strategic Management', NULL, NULL, 0, '2025-06-04 14:57:16', '2025-06-04 14:57:16'),
(38, 4, 'ุฅุฏุงุฑุฉ ุงูุนูููุงุช', 'Operations Management', NULL, NULL, 0, '2025-06-04 14:57:16', '2025-06-04 14:57:16'),
(39, 4, 'ุงููุงููู ุงูุชุฌุงุฑู', 'Business Law', NULL, NULL, 0, '2025-06-04 14:57:16', '2025-06-04 14:57:16'),
(40, 4, 'ูุธู ุงููุนูููุงุช ุงูุฅุฏุงุฑูุฉ', 'Management Information Systems', NULL, NULL, 0, '2025-06-04 14:57:16', '2025-06-04 14:57:16'),
(41, 5, 'ูุจุงุฏุฆ ุงูุชูููู', 'Principles of Finance', NULL, NULL, 0, '2025-06-04 14:58:35', '2025-06-04 14:58:35'),
(42, 5, 'ุงูุฃุณูุงู ุงููุงููุฉ', 'Financial Markets', NULL, NULL, 0, '2025-06-04 14:58:35', '2025-06-04 14:58:35'),
(43, 5, 'ุฅุฏุงุฑุฉ ุงููุญุงูุธ ุงูุงุณุชุซูุงุฑูุฉ', 'Investment Portfolio Management', NULL, NULL, 0, '2025-06-04 14:58:35', '2025-06-04 14:58:35'),
(44, 5, 'ุงูุชุญููู ุงููุงูู', 'Financial Analysis', NULL, NULL, 0, '2025-06-04 14:58:35', '2025-06-04 14:58:35'),
(45, 5, 'ุฅุฏุงุฑุฉ ุงููุฎุงุทุฑ ุงููุงููุฉ', 'Financial Risk Management', NULL, NULL, 0, '2025-06-04 14:58:35', '2025-06-04 14:58:35'),
(46, 5, 'ุงูุชูููู ุงูุฏููู', 'International Finance', NULL, NULL, 0, '2025-06-04 14:58:35', '2025-06-04 14:58:35'),
(47, 5, 'ุชูููู ุงููุดุงุฑูุน ุงูุงุณุชุซูุงุฑูุฉ', 'Investment Project Appraisal', NULL, NULL, 0, '2025-06-04 14:58:35', '2025-06-04 14:58:35'),
(48, 5, 'ุงููุดุชูุงุช ุงููุงููุฉ', 'Financial Derivatives', NULL, NULL, 0, '2025-06-04 14:58:35', '2025-06-04 14:58:35'),
(49, 5, 'ุงูุชูููู ุงูุฅุณูุงูู', 'Islamic Finance', NULL, NULL, 0, '2025-06-04 14:58:35', '2025-06-04 14:58:35'),
(50, 5, 'ุฅุฏุงุฑุฉ ุงูุซุฑูุงุช', 'Wealth Management', NULL, NULL, 0, '2025-06-04 14:58:35', '2025-06-04 14:58:35'),
(51, 6, 'ูุจุงุฏุฆ ุงูุชุณููู', 'Principles of Marketing', NULL, NULL, 0, '2025-06-04 15:00:17', '2025-06-04 15:00:17'),
(52, 6, 'ุณููู ุงููุณุชููู', 'Consumer Behavior', NULL, NULL, 0, '2025-06-04 15:00:17', '2025-06-04 15:00:17'),
(53, 6, 'ุจุญูุซ ุงูุชุณููู', 'Marketing Research', NULL, NULL, 0, '2025-06-04 15:00:17', '2025-06-04 15:00:17'),
(54, 6, 'ุงูุชุณููู ุงูุฑููู', 'Digital Marketing', NULL, NULL, 0, '2025-06-04 15:00:17', '2025-06-04 15:00:17'),
(55, 6, 'ุฅุฏุงุฑุฉ ุงูุนูุงูุงุช ุงูุชุฌุงุฑูุฉ', 'Brand Management', NULL, NULL, 0, '2025-06-04 15:00:17', '2025-06-04 15:00:17'),
(56, 6, 'ุงุณุชุฑุงุชูุฌูุงุช ุงูุชุณููู', 'Marketing Strategies', NULL, NULL, 0, '2025-06-04 15:00:17', '2025-06-04 15:00:17'),
(57, 6, 'ุงูุงุชุตุงูุงุช ุงูุชุณููููุฉ ุงููุชูุงููุฉ', 'Integrated Marketing Communications', NULL, NULL, 0, '2025-06-04 15:00:17', '2025-06-04 15:00:17'),
(58, 6, 'ุงูุชุณููู ุงูุฏููู', 'International Marketing', NULL, NULL, 0, '2025-06-04 15:00:17', '2025-06-04 15:00:17'),
(59, 6, 'ุชุณููู ุงูุฎุฏูุงุช', 'Services Marketing', NULL, NULL, 0, '2025-06-04 15:00:17', '2025-06-04 15:00:17'),
(60, 6, 'ุงูุชุณููู ุนุจุฑ ูุณุงุฆู ุงูุชูุงุตู ุงูุงุฌุชูุงุนู', 'Social Media Marketing', NULL, NULL, 0, '2025-06-04 15:00:17', '2025-06-04 15:00:17'),
(61, 7, 'ุชุดุฑูุญ ุงูุฃุณูุงู', 'Dental Anatomy', NULL, NULL, 0, '2025-06-04 15:02:00', '2025-06-04 15:02:00'),
(62, 7, 'ุนูู ุงูุฃูุณุฌุฉ ุงูููููุฉ', 'Oral Histology', NULL, NULL, 0, '2025-06-04 15:02:00', '2025-06-04 15:02:00'),
(63, 7, 'ุนูู ุฃูุฑุงุถ ุงููู', 'Oral Pathology', NULL, NULL, 0, '2025-06-04 15:02:00', '2025-06-04 15:02:00'),
(64, 7, 'ุงูููุงุฏ ุงูุณููุฉ', 'Dental Materials', NULL, NULL, 0, '2025-06-04 15:02:00', '2025-06-04 15:02:00'),
(65, 7, 'ุทุจ ุฃุณูุงู ุชุฑูููู', 'Restorative Dentistry', NULL, NULL, 0, '2025-06-04 15:02:00', '2025-06-04 15:02:00'),
(66, 7, 'ุฌุฑุงุญุฉ ุงููู ูุงููุฌู ูุงููููู', 'Oral and Maxillofacial Surgery', NULL, NULL, 0, '2025-06-04 15:02:00', '2025-06-04 15:02:00'),
(67, 7, 'ุนูุงุฌ ุฌุฐูุฑ ุงูุฃุณูุงู', 'Endodontics', NULL, NULL, 0, '2025-06-04 15:02:00', '2025-06-04 15:02:00'),
(68, 7, 'ุชูููู ุงูุฃุณูุงู', 'Orthodontics', NULL, NULL, 0, '2025-06-04 15:02:00', '2025-06-04 15:02:00'),
(69, 7, 'ุทุจ ุฃุณูุงู ุงูุฃุทูุงู', 'Pediatric Dentistry', NULL, NULL, 0, '2025-06-04 15:02:00', '2025-06-04 15:02:00'),
(70, 7, 'ุงูุชุฑููุจุงุช ุงูุณููุฉ', 'Prosthodontics', NULL, NULL, 0, '2025-06-04 15:02:00', '2025-06-04 15:02:00'),
(71, 8, 'ุงูููููุงุก ุงูุญูููุฉ', 'Biochemistry', NULL, NULL, 0, '2025-06-04 15:02:24', '2025-06-04 15:02:24'),
(72, 8, 'ุนูู ุงูุฃุญูุงุก ุงูุฏูููุฉ', 'Microbiology', NULL, NULL, 0, '2025-06-04 15:02:24', '2025-06-04 15:02:24'),
(73, 8, 'ุนูู ุงูุฏู', 'Hematology', NULL, NULL, 0, '2025-06-04 15:02:24', '2025-06-04 15:02:24'),
(74, 8, 'ุนูู ุงูููุงุนุฉ', 'Immunology', NULL, NULL, 0, '2025-06-04 15:02:24', '2025-06-04 15:02:24'),
(75, 8, 'ุนูู ุงูุฃูุณุฌุฉ', 'Histology', NULL, NULL, 0, '2025-06-04 15:02:24', '2025-06-04 15:02:24'),
(76, 8, 'ุนูู ุงูุทููููุงุช', 'Parasitology', NULL, NULL, 0, '2025-06-04 15:02:24', '2025-06-04 15:02:24'),
(77, 8, 'ุชูููุงุช ุงููุฎุชุจุฑุงุช', 'Laboratory Techniques', NULL, NULL, 0, '2025-06-04 15:02:24', '2025-06-04 15:02:24'),
(78, 8, 'ุงูููููุงุก ุงูุณุฑูุฑูุฉ', 'Clinical Chemistry', NULL, NULL, 0, '2025-06-04 15:02:24', '2025-06-04 15:02:24'),
(79, 8, 'ุจูู ุงูุฏู', 'Blood Bank', NULL, NULL, 0, '2025-06-04 15:02:24', '2025-06-04 15:02:24'),
(80, 8, 'ุถุจุท ุงูุฌูุฏุฉ ุงููุฎุจุฑูุฉ', 'Laboratory Quality Control', NULL, NULL, 0, '2025-06-04 15:02:24', '2025-06-04 15:02:24'),
(81, 9, 'ุงูุชุดุฑูุญ ุงูุจุดุฑู', 'Human Anatomy', NULL, NULL, 0, '2025-06-04 15:02:38', '2025-06-04 15:02:38'),
(82, 9, 'ุนูู ูุธุงุฆู ุงูุฃุนุถุงุก', 'Physiology', NULL, NULL, 0, '2025-06-04 15:02:38', '2025-06-04 15:02:38'),
(83, 9, 'ุงูููููุงุก ุงูุญูููุฉ', 'Biochemistry', NULL, NULL, 0, '2025-06-04 15:02:38', '2025-06-04 15:02:38'),
(84, 9, 'ุนูู ุงูุฃูุฑุงุถ', 'Pathology', NULL, NULL, 0, '2025-06-04 15:02:38', '2025-06-04 15:02:38'),
(85, 9, 'ุนูู ุงูุฃุฏููุฉ', 'Pharmacology', NULL, NULL, 0, '2025-06-04 15:02:38', '2025-06-04 15:02:38'),
(86, 9, 'ุงูุทุจ ุงูุจุงุทูู', 'Internal Medicine', NULL, NULL, 0, '2025-06-04 15:02:38', '2025-06-04 15:02:38'),
(87, 9, 'ุงูุฌุฑุงุญุฉ ุงูุนุงูุฉ', 'General Surgery', NULL, NULL, 0, '2025-06-04 15:02:38', '2025-06-04 15:02:38'),
(88, 9, 'ุทุจ ุงูุฃุทูุงู', 'Pediatrics', NULL, NULL, 0, '2025-06-04 15:02:38', '2025-06-04 15:02:38'),
(89, 9, 'ุงููุณุงุก ูุงูุชูููุฏ', 'Obstetrics and Gynecology', NULL, NULL, 0, '2025-06-04 15:02:38', '2025-06-04 15:02:38'),
(90, 9, 'ุงูุทุจ ุงูููุณู', 'Psychiatry', NULL, NULL, 0, '2025-06-04 15:02:38', '2025-06-04 15:02:38'),
(91, 10, 'ุงูููููุงุก ุงูุตูุฏูุงููุฉ', 'Pharmaceutical Chemistry', NULL, NULL, 0, '2025-06-04 15:02:56', '2025-06-04 15:02:56'),
(92, 10, 'ุนูู ุงูุฃุฏููุฉ', 'Pharmacology', NULL, NULL, 0, '2025-06-04 15:02:56', '2025-06-04 15:02:56'),
(93, 10, 'ุงูุตูุฏูุงููุงุช', 'Pharmaceutics', NULL, NULL, 0, '2025-06-04 15:02:56', '2025-06-04 15:02:56'),
(94, 10, 'ุงูุนูุงููุฑ ุงูุทุจูุฉ', 'Pharmacognosy', NULL, NULL, 0, '2025-06-04 15:02:56', '2025-06-04 15:02:56'),
(95, 10, 'ุนูู ุงูุณููู', 'Toxicology', NULL, NULL, 0, '2025-06-04 15:02:56', '2025-06-04 15:02:56'),
(96, 10, 'ุงูููููุงุก ุงูุญูููุฉ', 'Biochemistry', NULL, NULL, 0, '2025-06-04 15:02:56', '2025-06-04 15:02:56'),
(97, 10, 'ุงูุตูุฏูุฉ ุงูุณุฑูุฑูุฉ', 'Clinical Pharmacy', NULL, NULL, 0, '2025-06-04 15:02:56', '2025-06-04 15:02:56'),
(98, 10, 'ุงูุตูุฏูุฉ ุงูุตูุงุนูุฉ', 'Industrial Pharmacy', NULL, NULL, 0, '2025-06-04 15:02:56', '2025-06-04 15:02:56'),
(99, 10, 'ุงูุฑูุงุจุฉ ุงูุฏูุงุฆูุฉ', 'Pharmaceutical Quality Control', NULL, NULL, 0, '2025-06-04 15:02:56', '2025-06-04 15:02:56'),
(100, 10, 'ุงูุชุณููู ุงูุฏูุงุฆู', 'Pharmaceutical Marketing', NULL, NULL, 0, '2025-06-04 15:02:56', '2025-06-04 15:02:56'),
(101, 7, 'ุชุดุฑูุญ ุงูุฃุณูุงู', 'Dental Anatomy', NULL, NULL, 0, '2025-06-04 15:07:13', '2025-06-04 15:07:13'),
(102, 7, 'ุนูู ุงูุฃูุณุฌุฉ ุงูููููุฉ', 'Oral Histology', NULL, NULL, 0, '2025-06-04 15:07:13', '2025-06-04 15:07:13'),
(103, 7, 'ุนูู ุฃูุฑุงุถ ุงููู', 'Oral Pathology', NULL, NULL, 0, '2025-06-04 15:07:13', '2025-06-04 15:07:13'),
(104, 7, 'ุงูููุงุฏ ุงูุณููุฉ', 'Dental Materials', NULL, NULL, 0, '2025-06-04 15:07:13', '2025-06-04 15:07:13'),
(105, 7, 'ุทุจ ุฃุณูุงู ุชุฑูููู', 'Restorative Dentistry', NULL, NULL, 0, '2025-06-04 15:07:13', '2025-06-04 15:07:13'),
(106, 7, 'ุฌุฑุงุญุฉ ุงููู ูุงููุฌู ูุงููููู', 'Oral and Maxillofacial Surgery', NULL, NULL, 0, '2025-06-04 15:07:13', '2025-06-04 15:07:13'),
(107, 7, 'ุนูุงุฌ ุฌุฐูุฑ ุงูุฃุณูุงู', 'Endodontics', NULL, NULL, 0, '2025-06-04 15:07:13', '2025-06-04 15:07:13'),
(108, 7, 'ุชูููู ุงูุฃุณูุงู', 'Orthodontics', NULL, NULL, 0, '2025-06-04 15:07:13', '2025-06-04 15:07:13'),
(109, 7, 'ุทุจ ุฃุณูุงู ุงูุฃุทูุงู', 'Pediatric Dentistry', NULL, NULL, 0, '2025-06-04 15:07:13', '2025-06-04 15:07:13'),
(110, 7, 'ุงูุชุฑููุจุงุช ุงูุณููุฉ', 'Prosthodontics', NULL, NULL, 0, '2025-06-04 15:07:13', '2025-06-04 15:07:13');

-- --------------------------------------------------------

--
-- ุจููุฉ ุงูุฌุฏูู `faculties`
--

CREATE TABLE `faculties` (
  `faculty_id` int(11) NOT NULL,
  `name` varchar(255) NOT NULL,
  `name_en` varchar(255) NOT NULL,
  `description` text NOT NULL,
  `description_en` text NOT NULL,
  `slug` varchar(100) NOT NULL,
  `image_path` varchar(255) NOT NULL,
  `icon` varchar(50) DEFAULT NULL,
  `programs` int(11) DEFAULT 0,
  `students` int(11) DEFAULT 0,
  `display_order` int(11) NOT NULL,
  `active` tinyint(1) DEFAULT 1,
  `created_at` timestamp NOT NULL DEFAULT current_timestamp(),
  `updated_at` timestamp NOT NULL DEFAULT current_timestamp() ON UPDATE current_timestamp()
) ENGINE=InnoDB DEFAULT CHARSET=utf8mb4 COLLATE=utf8mb4_general_ci;

--
-- ุฅุฑุฌุงุน ุฃู ุงุณุชูุฑุงุฏ ุจูุงูุงุช ุงูุฌุฏูู `faculties`
--

INSERT INTO `faculties` (`faculty_id`, `name`, `name_en`, `description`, `description_en`, `slug`, `image_path`, `icon`, `programs`, `students`, `display_order`, `active`, `created_at`, `updated_at`) VALUES
(1, 'ูููุฉ ุงูุทุจ', 'College of Medicine', 'ููุฏู ุชุนูููุงู ุทุจูุงู ูุชููุฒุงู ููู ุฃุญุฏุซ ุงููุนุงููุฑ ุงูุนุงูููุฉ', 'We offer distinguished medical education according to the latest global standards', 'medicine', '/image/a3.jpg', '๐ฅ', 5, 850, 1, 1, '2025-05-11 17:58:10', '2025-06-16 05:29:36'),
(2, 'ูููุฉ ุงูููุฏุณุฉ', 'College of Engineering', 'ูุจูู ูุณุชูุจู ุงูุชูููููุฌูุง ูู ุฎูุงู ุงูุงุจุชูุงุฑ ูุงูุฅุจุฏุงุน', 'We build the future of technology through innovation and creativity', 'engineering', '/image/a1.jpg', 'โก', 8, 1200, 2, 1, '2025-05-11 17:58:10', '2025-06-16 05:29:36'),
(3, 'ูููุฉ ุงูุนููู ุงูุฅุฏุงุฑูุฉ', 'College of Business', 'ูุนุฏ ูุงุฏุฉ ุงููุณุชูุจู ูู ูุฌุงู ุงูุฃุนูุงู ูุงูุฅุฏุงุฑุฉ', 'We prepare future leaders in the field of business and management', 'business', '/image/a2.jpg', '๐', 6, 950, 3, 1, '2025-05-11 17:58:10', '2025-06-16 05:29:36');

-- --------------------------------------------------------

--
-- ุจููุฉ ุงูุฌุฏูู `footer_copyright`
--

CREATE TABLE `footer_copyright` (
  `id` int(11) NOT NULL,
  `text` varchar(255) NOT NULL,
  `text_en` varchar(255) NOT NULL,
  `year` varchar(10) NOT NULL
) ENGINE=InnoDB DEFAULT CHARSET=utf8mb4 COLLATE=utf8mb4_general_ci;

--
-- ุฅุฑุฌุงุน ุฃู ุงุณุชูุฑุงุฏ ุจูุงูุงุช ุงูุฌุฏูู `footer_copyright`
--

INSERT INTO `footer_copyright` (`id`, `text`, `text_en`, `year`) VALUES
(1, 'ุฌููุน ุงูุญููู ูุญููุธุฉ ูุฌุงูุนุฉ ุงูุฑูุงุฏุฉ', 'All rights reserved to Al-Riyada University', '2025');

-- --------------------------------------------------------

--
-- ุจููุฉ ุงูุฌุฏูู `footer_links`
--

CREATE TABLE `footer_links` (
  `link_id` int(11) NOT NULL,
  `section_id` int(11) NOT NULL,
  `title` varchar(255) NOT NULL,
  `title_en` varchar(255) NOT NULL,
  `url` varchar(255) NOT NULL,
  `link_order` int(11) NOT NULL
) ENGINE=InnoDB DEFAULT CHARSET=utf8mb4 COLLATE=utf8mb4_general_ci;

--
-- ุฅุฑุฌุงุน ุฃู ุงุณุชูุฑุงุฏ ุจูุงูุงุช ุงูุฌุฏูู `footer_links`
--

INSERT INTO `footer_links` (`link_id`, `section_id`, `title`, `title_en`, `url`, `link_order`) VALUES
(41, 1, 'ุงูุตูุญุฉ ุงูุฑุฆูุณูุฉ', 'Home', '/', 1),
(42, 1, 'ุนู ุงูุฌุงูุนุฉ', 'About', '/about', 2),
(43, 1, 'ุงููููุงุช', 'Colleges', '/colleges', 3),
(44, 1, 'ุงูุชุณุฌูู ูุงููุจูู', 'Admission', '/admission', 4);

-- --------------------------------------------------------

--
-- ุจููุฉ ุงูุฌุฏูู `footer_sections`
--

CREATE TABLE `footer_sections` (
  `section_id` int(11) NOT NULL,
  `title` varchar(255) NOT NULL,
  `title_en` varchar(255) NOT NULL,
  `section_type` enum('links','social','contact') NOT NULL,
  `section_order` int(11) NOT NULL
) ENGINE=InnoDB DEFAULT CHARSET=utf8mb4 COLLATE=utf8mb4_general_ci;

--
-- ุฅุฑุฌุงุน ุฃู ุงุณุชูุฑุงุฏ ุจูุงูุงุช ุงูุฌุฏูู `footer_sections`
--

INSERT INTO `footer_sections` (`section_id`, `title`, `title_en`, `section_type`, `section_order`) VALUES
(1, 'ุฑูุงุจุท ุณุฑูุนุฉ', 'Quick Links', 'links', 1),
(2, 'ุชูุงุตู ูุนูุง', 'Contact Us', 'contact', 2),
(3, 'ุชุงุจุนูุง', 'Follow Us', 'social', 3);

-- --------------------------------------------------------

--
-- ุจููุฉ ุงูุฌุฏูู `hero_slides`
--

CREATE TABLE `hero_slides` (
  `slide_id` int(11) NOT NULL,
  `title` varchar(255) NOT NULL,
  `title_en` varchar(255) NOT NULL,
  `description` text DEFAULT NULL,
  `description_en` text DEFAULT NULL,
  `image_path` varchar(255) NOT NULL,
  `button_text` varchar(100) DEFAULT 'ุงูุชุดู ุงููุฒูุฏ',
  `button_text_en` varchar(100) DEFAULT 'Discover More',
  `button_url` varchar(255) DEFAULT '#',
  `slide_order` int(11) NOT NULL,
  `active` tinyint(1) DEFAULT 1,
  `created_at` timestamp NOT NULL DEFAULT current_timestamp(),
  `updated_at` timestamp NOT NULL DEFAULT current_timestamp() ON UPDATE current_timestamp()
) ENGINE=InnoDB DEFAULT CHARSET=utf8mb4 COLLATE=utf8mb4_general_ci;

--
-- ุฅุฑุฌุงุน ุฃู ุงุณุชูุฑุงุฏ ุจูุงูุงุช ุงูุฌุฏูู `hero_slides`
--

INSERT INTO `hero_slides` (`slide_id`, `title`, `title_en`, `description`, `description_en`, `image_path`, `button_text`, `button_text_en`, `button_url`, `slide_order`, `active`, `created_at`, `updated_at`) VALUES
(1, '  ูุณุชูุจูู ูุจุฏุฃ ููุง', 'Your Future Starts Here', 'ุณูุณู', 'Discover a world of exceptional educational opportunities at our university', '/image/a1.jpg', 'ุงููุฒูุฏ', 'Discover More', '#', 1, 1, '2025-05-11 17:57:50', '2025-07-07 16:04:53'),
(2, 'ุงูุชููุฒ ูู ุงูุจุญุซ ุงูุนููู', 'Excellence in Scientific Research', 'ูููุฏ ูุณูุฑุฉ ุงูุจุญุซ ุงูุนููู ูุญู ุขูุงู ุฌุฏูุฏุฉ', 'Leading the way in scientific research towards new horizons', '/image/a1.jpg', 'ุงูุชุดู ุงููุฒูุฏ', 'Discover More', '/about', 3, 1, '2025-05-11 17:57:50', '2025-07-02 19:46:51'),
(3, 'ุจูุฆุฉ ุชุนููููุฉ ูุชูุงููุฉ', 'Integrated Educational Environment', 'ุงุญูุฏ ูุตุทูู ', 'We provide the latest technologies and facilities for our students', '/image/3.jpg', 'ุงูุชุดู ', 'Discover', '#', 2, 1, '2025-05-11 17:57:50', '2025-07-07 16:07:15');

-- --------------------------------------------------------

--
-- ุจููุฉ ุงูุฌุฏูู `job_opportunities`
--

CREATE TABLE `job_opportunities` (
  `id` int(11) NOT NULL,
  `program_id` int(11) NOT NULL,
  `job_title_ar` varchar(255) NOT NULL,
  `job_title_en` varchar(255) DEFAULT NULL,
  `icon` varchar(50) DEFAULT NULL,
  `created_at` timestamp NOT NULL DEFAULT current_timestamp(),
  `updated_at` timestamp NOT NULL DEFAULT current_timestamp() ON UPDATE current_timestamp()
) ENGINE=InnoDB DEFAULT CHARSET=utf8mb4 COLLATE=utf8mb4_general_ci;

--
-- ุฅุฑุฌุงุน ุฃู ุงุณุชูุฑุงุฏ ุจูุงูุงุช ุงูุฌุฏูู `job_opportunities`
--

INSERT INTO `job_opportunities` (`id`, `program_id`, `job_title_ar`, `job_title_en`, `icon`, `created_at`, `updated_at`) VALUES
(1, 1, 'ูููุฏุณ ุจุฑูุฌูุงุช', 'Software Engineer', '๐ป', '2025-06-01 19:13:33', '2025-06-21 01:43:11'),
(2, 1, 'ูุญูู ูุธู', 'System Analyst', '๐ง', '2025-06-01 19:13:33', '2025-06-03 11:35:08'),
(3, 1, 'ูุฏูุฑ ููุงุนุฏ ุจูุงูุงุช', 'Database Manager', '๐๏ธ', '2025-06-01 19:13:33', '2025-06-21 01:43:11'),
(4, 1, 'ูููุฏุณ ุดุจูุงุช', 'Network Engineer', '๐', '2025-06-01 19:13:33', '2025-06-03 11:36:26'),
(5, 1, 'ูููุฏุณ ุฃูู ูุนูููุงุช', 'Information Security Engineer', '๐ก๏ธ', '2025-06-01 19:13:33', '2025-06-03 11:37:07'),
(6, 1, 'ูุทูุฑ ุชุทุจููุงุช ููุจ', 'Web Application Developer', '๐', '2025-06-01 19:13:33', '2025-06-03 11:37:48'),
(7, 1, 'ูุทูุฑ ุชุทุจููุงุช ููุจุงูู', 'Mobile Application Developer', '๐ฑ', '2025-06-01 19:13:33', '2025-06-03 11:38:10'),
(8, 1, 'ูููุฏุณ ุญูุณุจุฉ ุณุญุงุจูุฉ', 'Cloud Computing Engineer', 'โ๏ธ', '2025-06-01 19:13:33', '2025-06-03 11:38:53'),
(9, 1, 'ุงูู ุณูุจุฑุงูู', 'cyber security', '๐จโ๐ป', '2025-06-03 11:33:59', '2025-06-03 11:33:59'),
(10, 2, 'ูููุฏุณ ูุนูุงุฑู', NULL, '๐ข', '2025-06-03 11:46:30', '2025-06-03 11:46:30'),
(11, 2, 'ูุฎุทุท ูุฏู', NULL, '๐๏ธ', '2025-06-03 11:46:30', '2025-06-03 11:46:30'),
(12, 2, 'ูุตูู ุฏุงุฎูู', NULL, '๐จ', '2025-06-03 11:46:30', '2025-06-03 11:46:30'),
(13, 2, 'ูุฏูุฑ ูุดุงุฑูุน', NULL, '๐ท', '2025-06-03 11:46:30', '2025-06-03 11:46:30'),
(14, 2, 'ูุณุชุดุงุฑ ุงุณุชุฏุงูุฉ', NULL, '๐ฟ', '2025-06-03 11:46:30', '2025-06-03 11:46:30'),
(15, 2, 'ูุตูู ููุงุฐุฌ ุซูุงุซูุฉ ุงูุฃุจุนุงุฏ', NULL, '๐ฅ๏ธ', '2025-06-03 11:46:30', '2025-06-03 11:46:30'),
(16, 3, 'ูุญุงุณุจ ูุงูู', 'Financial Accountant', '๐ผ', '2025-06-04 14:40:49', '2025-06-04 14:40:49'),
(17, 3, 'ูุฏูู ุญุณุงุจุงุช (ุฏุงุฎูู/ุฎุงุฑุฌู)', 'Auditor (Internal/External)', '๐ต๏ธ', '2025-06-04 14:40:49', '2025-06-04 14:40:49'),
(18, 3, 'ูุญุงุณุจ ุชูุงููู', 'Cost Accountant', 'โ๏ธ', '2025-06-04 14:40:49', '2025-06-04 14:40:49'),
(19, 3, 'ูุญูู ูุงูู', 'Financial Analyst', '๐น', '2025-06-04 14:40:49', '2025-06-04 14:40:49'),
(20, 3, 'ูุณุชุดุงุฑ ุถุฑูุจู', 'Tax Consultant', '๐๏ธ', '2025-06-04 14:40:49', '2025-06-04 14:40:49'),
(21, 3, 'ูุฏูุฑ ูุงูู', 'Financial Manager', '๐', '2025-06-04 14:40:49', '2025-06-04 14:40:49'),
(22, 3, 'ูุฑุงูุจ ูุงูู', 'Financial Controller', '๐', '2025-06-04 14:40:49', '2025-06-04 14:40:49'),
(23, 3, 'ุฎุจูุฑ ูุญุงุณุจุฉ ูุถุงุฆูุฉ', 'Forensic Accountant', 'โ๏ธ', '2025-06-04 14:40:49', '2025-06-04 14:40:49'),
(24, 4, 'ูุฏูุฑ ูุดุงุฑูุน', 'Project Manager', '๐', '2025-06-04 14:57:16', '2025-06-04 14:57:16'),
(25, 4, 'ูุฏูุฑ ููุงุฑุฏ ุจุดุฑูุฉ', 'Human Resources Manager', '๐ฅ', '2025-06-04 14:57:16', '2025-06-04 14:57:16'),
(26, 4, 'ูุญูู ุฃุนูุงู', 'Business Analyst', '๐', '2025-06-04 14:57:16', '2025-06-04 14:57:16'),
(27, 4, 'ุฑูุงุฏู ุฃุนูุงู', 'Entrepreneur', '๐', '2025-06-04 14:57:16', '2025-06-04 14:57:16'),
(28, 4, 'ูุฏูุฑ ุชูููุฐู', 'Executive Manager', '๐ข', '2025-06-04 14:57:16', '2025-06-04 14:57:16'),
(29, 4, 'ูุฏูุฑ ุชุณููู', 'Marketing Manager', '๐', '2025-06-04 14:57:16', '2025-06-04 14:57:16'),
(30, 5, 'ูุญูู ูุงูู', 'Financial Analyst', '๐', '2025-06-04 14:58:35', '2025-06-04 14:58:35'),
(31, 5, 'ูุฏูุฑ ุงุณุชุซูุงุฑ', 'Investment Manager', '๐ฐ', '2025-06-04 14:58:35', '2025-06-04 14:58:35'),
(32, 5, 'ูุณุชุดุงุฑ ูุงูู', 'Financial Advisor', '๐', '2025-06-04 14:58:35', '2025-06-04 14:58:35'),
(33, 5, 'ูุฏูุฑ ูุญุงูุธ ุงุณุชุซูุงุฑูุฉ', 'Portfolio Manager', '๐ผ', '2025-06-04 14:58:35', '2025-06-04 14:58:35'),
(34, 5, 'ูุตุฑูู ุงุณุชุซูุงุฑู', 'Investment Banker', '๐ฆ', '2025-06-04 14:58:35', '2025-06-04 14:58:35'),
(35, 5, 'ูุฏูุฑ ูุฎุงุทุฑ ูุงููุฉ', 'Financial Risk Manager', 'โ๏ธ', '2025-06-04 14:58:35', '2025-06-04 14:58:35'),
(36, 6, 'ุฃุฎุตุงุฆู ุชุณููู ุฑููู', 'Digital Marketing Specialist', '๐ฑ', '2025-06-04 15:00:17', '2025-06-04 15:00:17'),
(37, 6, 'ูุฏูุฑ ุนูุงูุฉ ุชุฌุงุฑูุฉ', 'Brand Manager', '๐ฏ', '2025-06-04 15:00:17', '2025-06-04 15:00:17'),
(38, 6, 'ูุญูู ุณูู', 'Market Analyst', '๐', '2025-06-04 15:00:17', '2025-06-04 15:00:17'),
(39, 6, 'ูุฏูุฑ ุญููุงุช ุฅุนูุงููุฉ', 'Advertising Campaign Manager', '๐ฃ', '2025-06-04 15:00:17', '2025-06-04 15:00:17'),
(40, 6, 'ูุฏูุฑ ุชุณููู ูุญุชูู', 'Content Marketing Manager', '๐', '2025-06-04 15:00:17', '2025-06-04 15:00:17'),
(41, 6, 'ูุฏูุฑ ุชุณููู', 'Marketing Manager', '๐', '2025-06-04 15:00:17', '2025-06-04 15:00:17'),
(42, 7, 'ุทุจูุจ ุฃุณูุงู ุนุงู', 'General Dentist', '๐ฅ', '2025-06-04 15:02:00', '2025-06-04 15:02:00'),
(43, 7, 'ุฃุฎุตุงุฆู ุชูููู ุฃุณูุงู', 'Orthodontist', '๐จโโ๏ธ', '2025-06-04 15:02:00', '2025-06-04 15:02:00'),
(44, 7, 'ุฃุฎุตุงุฆู ุนูุงุฌ ุฌุฐูุฑ', 'Endodontist', '๐ฌ', '2025-06-04 15:02:00', '2025-06-04 15:02:00'),
(45, 7, 'ุฌุฑุงุญ ูู ููููู', 'Oral and Maxillofacial Surgeon', '๐งโ๐ฌ', '2025-06-04 15:02:00', '2025-06-04 15:02:00'),
(46, 7, 'ุฃุณุชุงุฐ ุฌุงูุนู', 'University Professor', '๐ซ', '2025-06-04 15:02:00', '2025-06-04 15:02:00'),
(47, 7, 'ูุฏูุฑ ุนูุงุฏุฉ ุฃุณูุงู', 'Dental Clinic Manager', '๐', '2025-06-04 15:02:00', '2025-06-04 15:02:00'),
(48, 8, 'ุฃุฎุตุงุฆู ูุฎุชุจุฑุงุช ุทุจูุฉ', 'Medical Laboratory Specialist', '๐ฅ', '2025-06-04 15:02:24', '2025-06-04 15:02:24'),
(49, 8, 'ุฃุฎุตุงุฆู ุนูู ุงูุฃูุฑุงุถ', 'Pathology Specialist', '๐ฌ', '2025-06-04 15:02:24', '2025-06-04 15:02:24'),
(50, 8, 'ุฃุฎุตุงุฆู ูุฑุงุซุฉ', 'Genetics Specialist', '๐งฌ', '2025-06-04 15:02:24', '2025-06-04 15:02:24'),
(51, 8, 'ุฃุฎุตุงุฆู ููููุงุก ุญูููุฉ', 'Biochemistry Specialist', '๐งช', '2025-06-04 15:02:24', '2025-06-04 15:02:24'),
(52, 8, 'ุจุงุญุซ ุนููู', 'Scientific Researcher', '๐ซ', '2025-06-04 15:02:24', '2025-06-04 15:02:24'),
(53, 8, 'ูุฏูุฑ ูุฎุชุจุฑ ุทุจู', 'Medical Laboratory Manager', '๐', '2025-06-04 15:02:24', '2025-06-04 15:02:24'),
(54, 9, 'ุทุจูุจ ููุงุฑุณ ุนุงู', 'General Practitioner', '๐ฅ', '2025-06-04 15:02:38', '2025-06-04 15:02:38'),
(55, 9, 'ุฃุฎุตุงุฆู ุทุจู', 'Medical Specialist', '๐จโโ๏ธ', '2025-06-04 15:02:38', '2025-06-04 15:02:38'),
(56, 9, 'ุจุงุญุซ ุทุจู', 'Medical Researcher', '๐ฌ', '2025-06-04 15:02:38', '2025-06-04 15:02:38'),
(57, 9, 'ุฃุณุชุงุฐ ุฌุงูุนู', 'University Professor', '๐ซ', '2025-06-04 15:02:38', '2025-06-04 15:02:38'),
(58, 9, 'ุงุณุชุดุงุฑู ุทุจู ุฏููู', 'International Medical Consultant', '๐', '2025-06-04 15:02:38', '2025-06-04 15:02:38'),
(59, 9, 'ูุฏูุฑ ูุคุณุณุฉ ุตุญูุฉ', 'Healthcare Administrator', '๐', '2025-06-04 15:02:38', '2025-06-04 15:02:38'),
(60, 10, 'ุตูุฏูู ูุณุชุดูู', 'Hospital Pharmacist', '๐ฅ', '2025-06-04 15:02:56', '2025-06-04 15:02:56'),
(61, 10, 'ุตูุฏูู ูุฌุชูุนู', 'Community Pharmacist', '๐ช', '2025-06-04 15:02:56', '2025-06-04 15:02:56'),
(62, 10, 'ุตูุฏูู ุณุฑูุฑู', 'Clinical Pharmacist', '๐ฌ', '2025-06-04 15:02:56', '2025-06-04 15:02:56'),
(63, 10, 'ุตูุฏูู ุตูุงุนู', 'Industrial Pharmacist', '๐ญ', '2025-06-04 15:02:56', '2025-06-04 15:02:56'),
(64, 10, 'ุจุงุญุซ ูู ูุฌุงู ุงูุฃุฏููุฉ', 'Pharmaceutical Researcher', '๐งช', '2025-06-04 15:02:56', '2025-06-04 15:02:56'),
(65, 10, 'ูุฏูุฑ ุฑูุงุจุฉ ุฏูุงุฆูุฉ', 'Pharmaceutical Regulatory Affairs Manager', '๐', '2025-06-04 15:02:56', '2025-06-04 15:02:56');

-- --------------------------------------------------------

--
-- ุจููุฉ ุงูุฌุฏูู `majors`
--

CREATE TABLE `majors` (
  `id` bigint(20) UNSIGNED NOT NULL,
  `college_id` int(11) NOT NULL,
  `name` varchar(255) NOT NULL,
  `name_en` varchar(255) NOT NULL,
  `icon` varchar(16) DEFAULT NULL,
  `duration_years` int(11) DEFAULT NULL,
  `students_count` int(11) DEFAULT NULL,
  `description` text DEFAULT NULL,
  `description_en` text DEFAULT NULL,
  `features` text DEFAULT NULL,
  `features_en` text DEFAULT NULL,
  `link` varchar(255) DEFAULT NULL,
  `created_at` timestamp NOT NULL DEFAULT current_timestamp(),
  `updated_at` timestamp NOT NULL DEFAULT current_timestamp()
) ENGINE=InnoDB DEFAULT CHARSET=utf8mb4 COLLATE=utf8mb4_general_ci;

--
-- ุฅุฑุฌุงุน ุฃู ุงุณุชูุฑุงุฏ ุจูุงูุงุช ุงูุฌุฏูู `majors`
--

INSERT INTO `majors` (`id`, `college_id`, `name`, `name_en`, `icon`, `duration_years`, `students_count`, `description`, `description_en`, `features`, `features_en`, `link`, `created_at`, `updated_at`) VALUES
(1, 1, 'ุชูููุฉ ุงููุนูููุงุช', 'Information Technology', '๐พ', 4, 200, 'ุจูุงููุฑููุณ - 4 ุณููุงุช โข 200 ุทุงูุจ/ุฉ', 'Bachelor\'s degree - 4 years โข 200 students', 'ุจุฑูุฌุฉ ุงูุชุทุจููุงุช;ุงูุดุจูุงุช;ุฃูู ุงููุนูููุงุช', 'Application programming;Networking;Information security', '/components/colleges/engineering/Majors/IT', '2025-05-19 07:50:32', '2025-05-19 07:50:32'),
(2, 1, 'ูุนูุงุฑูุฉ', 'Architecture', '๐ข', 5, 220, 'ุจูุงููุฑููุณ - 5 ุณููุงุช โข 220 ุทุงูุจ/ุฉ', 'Bachelor\'s degree - 5 years โข 220 students', 'ุงูุชุตููู ุงูุฅูุดุงุฆู;ุฅุฏุงุฑุฉ ุงููุดุงุฑูุน;ููุฏุณุฉ ุงูุจูุฆุฉ', 'Structural design;Project management;Environmental engineering', '/components/colleges/engineering/Majors/Architecture', '2025-05-19 07:50:32', '2025-05-19 07:50:32'),
(3, 3, 'ุงููุญุงุณุจุฉ', 'Accounting', '๐', 4, 280, 'ุจูุงููุฑููุณ ูู ุงููุญุงุณุจุฉ', 'Bachelor\'s degree in Accounting', 'ูุญุงุณุจุฉ ูุงููุฉ;ูุฑุงุฌุนุฉ ูุชุฏููู;ูุญุงุณุจุฉ ุชูุงููู', 'Financial accounting;Audit and review;Cost accounting', '/components/colleges/business/Majors/Accounting', '2025-05-19 08:04:39', '2025-05-19 08:04:39'),
(4, 3, 'ุฅุฏุงุฑุฉ ุงูุฃุนูุงู', 'Business Administration', '๐', 4, 350, 'ุจูุงููุฑููุณ ูู ุฅุฏุงุฑุฉ ุงูุฃุนูุงู', 'Bachelor\'s degree in Business Administration', 'ุฅุฏุงุฑุฉ ุงุณุชุฑุงุชูุฌูุฉ;ุฑูุงุฏุฉ ุงูุฃุนูุงู;ุฅุฏุงุฑุฉ ุงูููุงุฑุฏ ุงูุจุดุฑูุฉ', 'Strategic management;Entrepreneurship;Human resources management', '/components/colleges/business/Majors/BusinessManagement', '2025-05-19 08:04:39', '2025-05-19 08:04:39'),
(5, 3, 'ุงูุชูููู ูุงูุงุณุชุซูุงุฑ', 'Finance and Investment', '๐ฐ', 4, 120, 'ุจูุงููุฑููุณ ูู ุงูุชูููู ูุงูุงุณุชุซูุงุฑ', 'Bachelor\'s degree in Finance and Investment', 'ุงูุชุญููู ุงููุงูู;ุฅุฏุงุฑุฉ ุงููุญุงูุธ ุงูุงุณุชุซูุงุฑูุฉ;ุงูุชูููู ุงูุฏููู', 'Financial analysis;Portfolio management;International finance', '/components/colleges/business/Majors/Finance', '2025-05-19 08:04:39', '2025-05-19 08:04:39'),
(6, 3, 'ุงูุชุณููู', 'Marketing', '๐', 4, 200, 'ุจูุงููุฑููุณ ูู ุงูุชุณููู', 'Bachelor\'s degree in Marketing', 'ุงูุชุณููู ุงูุฑููู;ุฅุฏุงุฑุฉ ุงูุนูุงูุงุช ุงูุชุฌุงุฑูุฉ;ุณููู ุงููุณุชููู', 'Digital marketing;Brand management;Consumer behavior', '/components/colleges/business/Majors/Marketing', '2025-05-19 08:04:39', '2025-05-19 08:04:39'),
(7, 2, 'ุทุจ ุงูุฃุณูุงู', 'Dentistry', '๐ฆท', 5, 180, 'ุจูุงููุฑููุณ ูู ุทุจ ุงูุฃุณูุงู', 'Bachelor of Dental Surgery degree', 'ุนูุงุฏุงุช ูุชุทูุฑุฉ;ุชูููุงุช ุญุฏูุซุฉ;ุชุฏุฑูุจ ุนููู ููุซู', 'Advanced clinics;Modern techniques;Intensive practical training', '/components/colleges/medicine/Majors/Dentistry', '2025-05-19 08:00:12', '2025-05-19 08:00:12'),
(8, 2, 'ุงููุฎุชุจุฑุงุช ุงูุทุจูุฉ', 'Medical Laboratories', '๐งช', 4, 150, 'ุจูุงููุฑููุณ ูู ุงููุฎุชุจุฑุงุช ุงูุทุจูุฉ', 'Bachelor\'s degree in Medical Laboratory', 'ูุฎุชุจุฑุงุช ูุชุฎุตุตุฉ;ุฃุฌูุฒุฉ ูุชุทูุฑุฉ;ุชุฏุฑูุจ ููุฏุงูู', 'Specialized laboratories;Advanced devices;Field training', '/components/colleges/medicine/Majors/Laboratory', '2025-05-19 08:00:12', '2025-05-19 08:00:12'),
(9, 2, 'ุงูุทุจ ุงูุจุดุฑู', 'Medicine', '๐ฉบ', 6, 300, 'ุจูุงููุฑููุณ ูู ุงูุทุจ ุงูุจุดุฑู', 'Bachelor of Medicine degree', 'ุชุฏุฑูุจ ุณุฑูุฑู ูุชูุฏู;ูุฎุชุจุฑุงุช ุญุฏูุซุฉ;ุจุฑุงูุฌ ุชุฏุฑูุจ ุฏูููุฉ', 'Advanced clinical training;Modern laboratories;International training programs', '/components/colleges/medicine/Majors/Medicine', '2025-05-19 08:00:12', '2025-05-19 08:00:12'),
(10, 2, 'ุงูุตูุฏูุฉ', 'Pharmacy', '๐', 5, 200, 'ุจูุงููุฑููุณ ูู ุงูุตูุฏูุฉ', 'Bachelor of Pharmacy degree', 'ูุนุงูู ูุชุฎุตุตุฉ;ุชุฏุฑูุจ ุตูุฏูุงูู;ุดุฑุงูุงุช ูุน ุงููุณุชุดููุงุช', 'Specialized laboratories;Pharmaceutical training;Partnerships with hospitals', '/components/colleges/medicine/Majors/Pharmacy', '2025-05-19 08:01:05', '2025-05-19 08:01:05'),
(11, 1, 'ุชูููุฉ ุงููุนูููุงุช ', 'IT', '๐ป', 6, 0, 'ูุงุฌุณุชูุฑ', 'm', 'ุจุฑูุฌุฉ ุงูุชุทุจููุงุช;ุงูุดุจูุงุช;ุฃูู ุงููุนูููุงุช', 'sd', NULL, '2025-07-04 14:24:02', '2025-07-04 14:24:02');

-- --------------------------------------------------------

--
-- ุจููุฉ ุงูุฌุฏูู `majorsgrid`
--

CREATE TABLE `majorsgrid` (
  `id` int(11) NOT NULL,
  `major_name_en` varchar(255) DEFAULT NULL,
  `major_name_ar` varchar(255) DEFAULT NULL,
  `college_en` varchar(255) DEFAULT NULL,
  `college_ar` varchar(255) DEFAULT NULL,
  `college_slug` varchar(255) DEFAULT NULL,
  `slug` varchar(255) DEFAULT NULL,
  `description_en` text DEFAULT NULL,
  `description_ar` text DEFAULT NULL,
  `icon` varchar(10) DEFAULT NULL,
  `duration` varchar(50) DEFAULT NULL,
  `students` int(11) DEFAULT NULL,
  `features_en` text DEFAULT NULL,
  `features_ar` text DEFAULT NULL,
  `admission_requirements_en` text DEFAULT NULL,
  `admission_requirements_ar` text DEFAULT NULL
) ENGINE=InnoDB DEFAULT CHARSET=utf8mb4 COLLATE=utf8mb4_general_ci;

--
-- ุฅุฑุฌุงุน ุฃู ุงุณุชูุฑุงุฏ ุจูุงูุงุช ุงูุฌุฏูู `majorsgrid`
--

INSERT INTO `majorsgrid` (`id`, `major_name_en`, `major_name_ar`, `college_en`, `college_ar`, `college_slug`, `slug`, `description_en`, `description_ar`, `icon`, `duration`, `students`, `features_en`, `features_ar`, `admission_requirements_en`, `admission_requirements_ar`) VALUES
(11, 'Architecture', 'ููุฏุณุฉ ูุนูุงุฑูุฉ', 'Engineering College', 'ูููุฉ ุงูููุฏุณุฉ', 'engineering', 'Architecture', 'Design and planning of architectural buildings and structures', 'ุชุตููู ูุชุฎุทูุท ุงููุจุงูู ูุงูููุดุขุช ุงููุนูุงุฑูุฉ', '๐๏ธ', 'Bachelor - 5 years', 180, '[\"Architectural Design\", \"Urban Planning\", \"Modern Building Techniques\"]', '[\"ุชุตููู ูุนูุงุฑู\", \"ุชุฎุทูุท ุนูุฑุงูู\", \"ุชูููุงุช ุงูุจูุงุก ุงูุญุฏูุซุฉ\"]', '[\"High school diploma with a minimum average of 85%\", \"Pass the engineering aptitude test\", \"Pass the personal interview\", \"Proficiency in engineering drawing skills\"]', '[\"ุงูุญุตูู ุนูู ุดูุงุฏุฉ ุงูุซุงูููุฉ ุงูุนุงูุฉ ุจูุนุฏู ูุง ููู ุนู 85%\", \"ุงุฌุชูุงุฒ ุงุฎุชุจุงุฑ ุงููุฏุฑุงุช ุงูููุฏุณูุฉ\", \"ุงุฌุชูุงุฒ ุงูููุงุจูุฉ ุงูุดุฎุตูุฉ\", \"ุฅุชูุงู ููุงุฑุงุช ุงูุฑุณู ุงูููุฏุณู\"]'),
(12, 'Information Technology', 'ุชูููุฉ ุงููุนูููุงุช', 'Engineering College', 'ูููุฉ ุงูููุฏุณุฉ', 'engineering', 'IT', 'Development and management of IT systems', 'ุชุทููุฑ ูุฅุฏุงุฑุฉ ุฃูุธูุฉ ุชูููููุฌูุง ุงููุนูููุงุช', '๐ป', 'Bachelor - 4 years', 250, '[\"Computer Programming\", \"Computer Networks\", \"Information Security\"]', '[\"ุจุฑูุฌุฉ ุงูุญุงุณูุจ\", \"ุดุจูุงุช ุงูุญุงุณูุจ\", \"ุฃูู ุงููุนูููุงุช\"]', '[\"High school diploma with a minimum average of 80%\", \"Pass the math aptitude test\", \"Basic knowledge of computers and programming\", \"Pass the personal interview\"]', '[\"ุงูุญุตูู ุนูู ุดูุงุฏุฉ ุงูุซุงูููุฉ ุงูุนุงูุฉ ุจูุนุฏู ูุง ููู ุนู 80%\", \"ุงุฌุชูุงุฒ ุงุฎุชุจุงุฑ ุงููุฏุฑุงุช ูู ุงูุฑูุงุถูุงุช\", \"ุฅููุงู ุจุฃุณุงุณูุงุช ุงูุญุงุณูุจ ูุงูุจุฑูุฌุฉ\", \"ุงุฌุชูุงุฒ ุงูููุงุจูุฉ ุงูุดุฎุตูุฉ\"]'),
(13, 'Medicine', 'ุงูุทุจ ุงูุจุดุฑู', 'Medical College', 'ูููุฉ ุงูุทุจ', 'medicine', 'Medicine', 'Study of general medicine and diagnosis and treatment of diseases', 'ุฏุฑุงุณุฉ ุงูุทุจ ุงูุนุงู ูุชุดุฎูุต ูุนูุงุฌ ุงูุฃูุฑุงุถ', 'โ๏ธ', 'Bachelor - 6 years', 120, '[\"Anatomy\", \"Pathology\", \"Family Medicine\"]', '[\"ุชุดุฑูุญ\", \"ุนูู ุงูุฃูุฑุงุถ\", \"ุทุจ ุงูุฃุณุฑุฉ\"]', '[\"High school diploma with a minimum average of 95%\", \"Pass the medical aptitude test\", \"Pass the personal interview\", \"Pass the medical examination\", \"Proficiency in English\"]', '[\"ุงูุญุตูู ุนูู ุดูุงุฏุฉ ุงูุซุงูููุฉ ุงูุนุงูุฉ ุจูุนุฏู ูุง ููู ุนู 95%\", \"ุงุฌุชูุงุฒ ุงุฎุชุจุงุฑ ุงููุฏุฑุงุช ุงูุทุจูุฉ\", \"ุงุฌุชูุงุฒ ุงูููุงุจูุฉ ุงูุดุฎุตูุฉ\", \"ุงุฌุชูุงุฒ ุงููุญุต ุงูุทุจู\", \"ุฅุชูุงู ุงููุบุฉ ุงูุฅูุฌููุฒูุฉ\"]'),
(14, 'Dentistry', 'ุทุจ ุงูุฃุณูุงู', 'Medical College', 'ูููุฉ ุงูุทุจ', 'medicine', 'Dentistry', 'Diagnosis and treatment of oral and dental diseases', 'ุชุดุฎูุต ูุนูุงุฌ ุฃูุฑุงุถ ุงููู ูุงูุฃุณูุงู', '๐ฆท', 'Bachelor - 5 years', 100, '[\"Oral Surgery\", \"Orthodontics\", \"Pediatric Dentistry\"]', '[\"ุฌุฑุงุญุฉ ุงููู\", \"ุชูููู ุงูุฃุณูุงู\", \"ุทุจ ุฃุณูุงู ุงูุฃุทูุงู\"]', '[\"High school diploma with a minimum average of 90%\", \"Pass the medical aptitude test\", \"Pass the personal interview\", \"Proficiency in English\", \"Good manual skills\"]', '[\"ุงูุญุตูู ุนูู ุดูุงุฏุฉ ุงูุซุงูููุฉ ุงูุนุงูุฉ ุจูุนุฏู ูุง ููู ุนู 90%\", \"ุงุฌุชูุงุฒ ุงุฎุชุจุงุฑ ุงููุฏุฑุงุช ุงูุทุจูุฉ\", \"ุงุฌุชูุงุฒ ุงูููุงุจูุฉ ุงูุดุฎุตูุฉ\", \"ุฅุชูุงู ุงููุบุฉ ุงูุฅูุฌููุฒูุฉ\", \"ููุงุฑุงุช ูุฏููุฉ ุฌูุฏุฉ\"]'),
(15, 'Pharmacy', 'ุงูุตูุฏูุฉ', 'Medical College', 'ูููุฉ ุงูุทุจ', 'medicine', 'Pharmacy', 'Study of drug composition, manufacturing, and effects', 'ุฏุฑุงุณุฉ ุชุฑููุจ ูุชุตููุน ูุชุฃุซูุฑ ุงูุฃุฏููุฉ', '๐', 'Bachelor - 5 years', 150, '[\"Pharmaceutical Chemistry\", \"Pharmacology\", \"Clinical Pharmacy\"]', '[\"ููููุงุก ุตูุฏูุงููุฉ\", \"ุนูู ุงูุฃุฏููุฉ\", \"ุตูุฏูุฉ ุณุฑูุฑูุฉ\"]', '[\"High school diploma with a minimum average of 85%\", \"Pass the scientific aptitude test\", \"Pass the personal interview\", \"Proficiency in English\"]', '[\"ุงูุญุตูู ุนูู ุดูุงุฏุฉ ุงูุซุงูููุฉ ุงูุนุงูุฉ ุจูุนุฏู ูุง ููู ุนู 85%\", \"ุงุฌุชูุงุฒ ุงุฎุชุจุงุฑ ุงููุฏุฑุงุช ุงูุนูููุฉ\", \"ุงุฌุชูุงุฒ ุงูููุงุจูุฉ ุงูุดุฎุตูุฉ\", \"ุฅุชูุงู ุงููุบุฉ ุงูุฅูุฌููุฒูุฉ\"]'),
(16, 'Medical Laboratories', 'ุงููุฎุชุจุฑุงุช ุงูุทุจูุฉ', 'Medical College', 'ูููุฉ ุงูุทุจ', 'medicine', 'Laboratory', 'Conducting laboratory tests and interpreting results', 'ุฅุฌุฑุงุก ุงูุชุญุงููู ุงููุฎุจุฑูุฉ ูุชูุณูุฑ ูุชุงุฆุฌูุง', '๐ฌ', 'Bachelor - 4 years', 130, '[\"Microbiology\", \"Hematology\", \"Biochemistry\"]', '[\"ุนูู ุงูุฃุญูุงุก ุงูุฏูููุฉ\", \"ุนูู ุงูุฏู\", \"ุงูููููุงุก ุงูุญูููุฉ\"]', '[\"High school diploma with a minimum average of 80%\", \"Pass the scientific aptitude test\", \"Pass the personal interview\", \"Proficiency in English\"]', '[\"ุงูุญุตูู ุนูู ุดูุงุฏุฉ ุงูุซุงูููุฉ ุงูุนุงูุฉ ุจูุนุฏู ูุง ููู ุนู 80%\", \"ุงุฌุชูุงุฒ ุงุฎุชุจุงุฑ ุงููุฏุฑุงุช ุงูุนูููุฉ\", \"ุงุฌุชูุงุฒ ุงูููุงุจูุฉ ุงูุดุฎุตูุฉ\", \"ุฅุชูุงู ุงููุบุฉ ุงูุฅูุฌููุฒูุฉ\"]'),
(17, 'Business Management', 'ุฅุฏุงุฑุฉ ุงูุฃุนูุงู', 'Business College', 'ูููุฉ ุงูุนููู ุงูุฅุฏุงุฑูุฉ', 'business', 'BusinessManagement', 'Study of business and corporate management', 'ุฏุฑุงุณุฉ ุฅุฏุงุฑุฉ ุงูุดุฑูุงุช ูุงููุคุณุณุงุช', '๐', 'Bachelor - 4 years', 350, '[\"Strategic Management\", \"Entrepreneurship\", \"Human Resource Management\"]', '[\"ุฅุฏุงุฑุฉ ุงุณุชุฑุงุชูุฌูุฉ\", \"ุฑูุงุฏุฉ ุงูุฃุนูุงู\", \"ุฅุฏุงุฑุฉ ุงูููุงุฑุฏ ุงูุจุดุฑูุฉ\"]', '[\"High school diploma with a minimum average of 75%\", \"Pass the general aptitude test\", \"Pass the personal interview\", \"Good communication skills\"]', '[\"ุงูุญุตูู ุนูู ุดูุงุฏุฉ ุงูุซุงูููุฉ ุงูุนุงูุฉ ุจูุนุฏู ูุง ููู ุนู 75%\", \"ุงุฌุชูุงุฒ ุงุฎุชุจุงุฑ ุงููุฏุฑุงุช ุงูุนุงูุฉ\", \"ุงุฌุชูุงุฒ ุงูููุงุจูุฉ ุงูุดุฎุตูุฉ\", \"ููุงุฑุงุช ุชูุงุตู ุฌูุฏุฉ\"]'),
(18, 'Accounting', 'ุงููุญุงุณุจุฉ', 'Business College', 'ูููุฉ ุงูุนููู ุงูุฅุฏุงุฑูุฉ', 'business', 'Accounting', 'Study of recording and analyzing financial data', 'ุฏุฑุงุณุฉ ุชุณุฌูู ูุชุญููู ุงูุจูุงูุงุช ุงููุงููุฉ', '๐', 'Bachelor - 4 years', 280, '[\"Financial Accounting\", \"Auditing\", \"Cost Accounting\"]', '[\"ูุญุงุณุจุฉ ูุงููุฉ\", \"ูุฑุงุฌุนุฉ ูุชุฏููู\", \"ูุญุงุณุจุฉ ุชูุงููู\"]', '[\"High school diploma with a minimum average of 75%\", \"Pass the math aptitude test\", \"Pass the personal interview\", \"Good analytical skills\"]', '[\"ุงูุญุตูู ุนูู ุดูุงุฏุฉ ุงูุซุงูููุฉ ุงูุนุงูุฉ ุจูุนุฏู ูุง ููู ุนู 75%\", \"ุงุฌุชูุงุฒ ุงุฎุชุจุงุฑ ุงููุฏุฑุงุช ูู ุงูุฑูุงุถูุงุช\", \"ุงุฌุชูุงุฒ ุงูููุงุจูุฉ ุงูุดุฎุตูุฉ\", \"ููุงุฑุงุช ุชุญููููุฉ ุฌูุฏุฉ\"]'),
(19, 'Marketing', 'ุงูุชุณููู', 'Business College', 'ูููุฉ ุงูุนููู ุงูุฅุฏุงุฑูุฉ', 'business', 'Marketing', 'Study of promotion strategies and product marketing', 'ุฏุฑุงุณุฉ ุงุณุชุฑุงุชูุฌูุงุช ุงูุชุฑููุฌ ูุชุณููู ุงูููุชุฌุงุช', '๐', 'Bachelor - 4 years', 200, '[\"Digital Marketing\", \"Brand Management\", \"Consumer Behavior\"]', '[\"ุงูุชุณููู ุงูุฑููู\", \"ุฅุฏุงุฑุฉ ุงูุนูุงูุงุช ุงูุชุฌุงุฑูุฉ\", \"ุณููู ุงููุณุชููู\"]', '[\"High school diploma with a minimum average of 70%\", \"Pass the general aptitude test\", \"Pass the personal interview\", \"Creative and good communication skills\"]', '[\"ุงูุญุตูู ุนูู ุดูุงุฏุฉ ุงูุซุงูููุฉ ุงูุนุงูุฉ ุจูุนุฏู ูุง ููู ุนู 70%\", \"ุงุฌุชูุงุฒ ุงุฎุชุจุงุฑ ุงููุฏุฑุงุช ุงูุนุงูุฉ\", \"ุงุฌุชูุงุฒ ุงูููุงุจูุฉ ุงูุดุฎุตูุฉ\", \"ููุงุฑุงุช ุฅุจุฏุงุนูุฉ ูุชูุงุตู ุฌูุฏุฉ\"]'),
(20, 'Finance and Investment', 'ุงูุชูููู ูุงูุงุณุชุซูุงุฑ', 'Business College', 'ูููุฉ ุงูุนููู ุงูุฅุฏุงุฑูุฉ', 'business', 'Finance', 'Study of money management and investments', 'ุฏุฑุงุณุฉ ุฅุฏุงุฑุฉ ุงูุฃููุงู ูุงูุงุณุชุซูุงุฑุงุช', '๐ฐ', 'Bachelor - 4 years', 120, '[\"Financial Analysis\", \"Portfolio Management\", \"International Finance\"]', '[\"ุงูุชุญููู ุงููุงูู\", \"ุฅุฏุงุฑุฉ ุงููุญุงูุธ ุงูุงุณุชุซูุงุฑูุฉ\", \"ุงูุชูููู ุงูุฏููู\"]', '[\"High school diploma with a minimum average of 75%\", \"Pass the math aptitude test\", \"Pass the personal interview\", \"Good analytical skills\"]', '[\"ุงูุญุตูู ุนูู ุดูุงุฏุฉ ุงูุซุงูููุฉ ุงูุนุงูุฉ ุจูุนุฏู ูุง ููู ุนู 75%\", \"ุงุฌุชูุงุฒ ุงุฎุชุจุงุฑ ุงููุฏุฑุงุช ูู ุงูุฑูุงุถูุงุช\", \"ุงุฌุชูุงุฒ ุงูููุงุจูุฉ ุงูุดุฎุตูุฉ\", \"ููุงุฑุงุช ุชุญููููุฉ ุฌูุฏุฉ\"]');

-- --------------------------------------------------------

--
-- ุจููุฉ ุงูุฌุฏูู `menu_items`
--

CREATE TABLE `menu_items` (
  `item_id` int(11) NOT NULL,
  `title` varchar(100) NOT NULL,
  `title_en` varchar(100) NOT NULL,
  `url` varchar(255) NOT NULL,
  `parent_id` int(11) DEFAULT NULL,
  `item_order` int(11) NOT NULL,
  `active` tinyint(1) DEFAULT 1
) ENGINE=InnoDB DEFAULT CHARSET=utf8mb4 COLLATE=utf8mb4_general_ci;

--
-- ุฅุฑุฌุงุน ุฃู ุงุณุชูุฑุงุฏ ุจูุงูุงุช ุงูุฌุฏูู `menu_items`
--

INSERT INTO `menu_items` (`item_id`, `title`, `title_en`, `url`, `parent_id`, `item_order`, `active`) VALUES
(1, 'ุงูุฑุฆูุณูุฉ', 'Home', '/', NULL, 1, 1),
(2, 'ุนู ุงูุฌุงูุนุฉ', 'About University', '/about', NULL, 2, 1),
(3, 'ุงููููุงุช', 'Colleges', '/faculties', NULL, 3, 1),
(4, 'ุงูุจุญุซ ุงูุนููู', 'Research', '/research', NULL, 4, 1);

-- --------------------------------------------------------

--
-- ุจููุฉ ุงูุฌุฏูู `navbar_items`
--

CREATE TABLE `navbar_items` (
  `id` int(11) NOT NULL,
  `label` varchar(255) NOT NULL,
  `label_en` varchar(255) NOT NULL,
  `link` varchar(255) NOT NULL,
  `display_order` int(11) DEFAULT 0,
  `is_active` tinyint(1) DEFAULT 1,
  `context` varchar(100) DEFAULT 'global',
  `parent_id` int(11) DEFAULT NULL
) ENGINE=InnoDB DEFAULT CHARSET=utf8mb4 COLLATE=utf8mb4_general_ci;

--
-- ุฅุฑุฌุงุน ุฃู ุงุณุชูุฑุงุฏ ุจูุงูุงุช ุงูุฌุฏูู `navbar_items`
--

INSERT INTO `navbar_items` (`id`, `label`, `label_en`, `link`, `display_order`, `is_active`, `context`, `parent_id`) VALUES
(1, 'ุงูุฑุฆูุณูุฉ', 'Home', '/', 1, 1, 'global', NULL),
(2, 'ุนู ุงูุฌุงูุนุฉ', 'About', '/about', 2, 1, 'global', NULL),
(3, 'ุงูุฃุฎุจุงุฑ', 'News', '/news', 3, 1, 'Home', NULL),
(4, 'ุงููุจูู ูุงูุชุณุฌูู ', 'Admission', '/admission', 3, 1, 'Home', NULL),
(6, 'ุงููููุงุช', 'Colleges', '#', 1, 1, 'global', NULL),
(7, 'ูููุฉ ุงูููุฏุณุฉ', 'Engineering College', '/colleges/1', 1, 1, 'global', 6),
(8, 'ูููุฉ ุงูุทุจ', 'Medical College', '/colleges/2', 2, 1, 'global', 6),
(9, 'ูููุฉ ุงูุนููู ุงูุงุฏุงุฑูุฉ', 'Administrative Sciences College', '/colleges/3', 3, 1, 'global', 6),
(10, 'ุฅูุฌุงุฒุงุช', 'Achievements', '', 0, 1, 'Achievements', NULL);

-- --------------------------------------------------------

--
-- ุจููุฉ ุงูุฌุฏูู `news`
--

CREATE TABLE `news` (
  `id` int(11) NOT NULL,
  `title` varchar(255) NOT NULL,
  `title_en` varchar(255) DEFAULT NULL,
  `subtitle` varchar(255) DEFAULT NULL,
  `subtitle_en` varchar(255) DEFAULT NULL,
  `content` text NOT NULL,
  `content_en` text DEFAULT NULL,
  `summary` text DEFAULT NULL,
  `summary_en` text DEFAULT NULL,
  `main_image_url` varchar(255) DEFAULT NULL,
  `publish_date` datetime DEFAULT current_timestamp(),
  `last_updated` datetime DEFAULT current_timestamp(),
  `author_id` int(11) DEFAULT NULL,
  `category_id` int(11) DEFAULT NULL,
  `views_count` int(11) DEFAULT 0,
  `is_featured` tinyint(1) DEFAULT 0,
  `is_active` tinyint(1) DEFAULT 1,
  `display_order` int(11) DEFAULT 0,
  `slug` varchar(255) DEFAULT NULL,
  `tags` text DEFAULT NULL,
  `tags_en` varchar(255) DEFAULT NULL
) ENGINE=InnoDB DEFAULT CHARSET=utf8mb4 COLLATE=utf8mb4_general_ci;

--
-- ุฅุฑุฌุงุน ุฃู ุงุณุชูุฑุงุฏ ุจูุงูุงุช ุงูุฌุฏูู `news`
--

INSERT INTO `news` (`id`, `title`, `title_en`, `subtitle`, `subtitle_en`, `content`, `content_en`, `summary`, `summary_en`, `main_image_url`, `publish_date`, `last_updated`, `author_id`, `category_id`, `views_count`, `is_featured`, `is_active`, `display_order`, `slug`, `tags`, `tags_en`) VALUES
(2, 'ุจุฏุก ุงูุชุณุฌูู ูููุตู ุงูุฏุฑุงุณู ุงูุฌุฏูุฏ', 'Scientific Conference on Latest Research Developments', 'ูุชุญ ุจุงุจ ุงูุชุณุฌูู ููุทูุงุจ ุงูุฌุฏุฏ ูุงููุณุชูุฑูู', 'Researchers present latest findings in various fields', '<p>ุฃุนููุช ุนูุงุฏุฉ ุงููุจูู ูุงูุชุณุฌูู ุนู ุจุฏุก ุงุณุชูุจุงู ุทูุจุงุช ุงูุชุณุฌูู ูููุตู ุงูุฏุฑุงุณู ุงูุฃูู ูู ุงูุนุงู ุงูุฌุงูุนู 1447/1448ูู ุงุนุชุจุงุฑุงู ูู ููู ุงูุฃุญุฏ ุงููุงุฏู.</p><p>ูุฃูุถุญ ุนููุฏ ุงููุจูู ูุงูุชุณุฌูู ุงูุฏูุชูุฑ ููุฏ ุงูุณููู ุฃู ุงูุชุณุฌูู ุณูููู ูุชุงุญุงู ุนุจุฑ ุงูุจูุงุจุฉ ุงูุฅููุชุฑูููุฉ ููุฌุงูุนุฉุ ูุดูุฑุงู ุฅูู ุถุฑูุฑุฉ ุงูุงูุชุฒุงู ุจุงูููุงุนูุฏ ุงููุญุฏุฏุฉ ููู ูููุฉ ูุชุฎุตุต.</p><p>ููุง ุฃูุฏ ุนูู ุฃูููุฉ ุงุณุชููุงู ุฌููุน ุงููุชุทูุจุงุช ูุงููุซุงุฆู ุงููุทููุจุฉ ูุจู ุงูุชูุฏูู ูุถูุงู ุณุฑุนุฉ ุฅูุฌุงุฒ ุงูุทูุจุงุช ูุชูุงุฏู ุฃู ุชุฃุฎูุฑ ูู ุนูููุฉ ุงูุชุณุฌูู.</p>', '<p>The university signed a cooperation agreement with several international universities to exchange experiences and develop academic programs. This agreement aims to enhance the quality of education and provide new opportunities for students and faculty members.</p><p>The agreement includes student and faculty exchange programs, joint research projects, and the development of educational curricula. It also includes organizing joint conferences and workshops.</p><p>This agreement is part of the university\'s strategy to enhance its global presence and provide distinguished educational opportunities for its students.</p>', 'ุฃุนููุช ุนูุงุฏุฉ ุงููุจูู ูุงูุชุณุฌูู ุนู ุจุฏุก ุงุณุชูุจุงู ุทูุจุงุช ุงูุชุณุฌูู ูููุตู ุงูุฏุฑุงุณู ุงูุฌุฏูุฏ ุนุจุฑ ุงูุจูุงุจุฉ ุงูุฅููุชุฑูููุฉ ููุฌุงูุนุฉ', 'The university signed a cooperation agreement with several international universities to exchange experiences and develop academic programs.', '/image/a1.jpg', '2025-06-08 01:37:16', '2025-05-17 09:15:00', 2, 2, 114, 1, 1, 2, 'new-semester-registration', 'ุชุณุฌูู,ูุจูู,ุทูุงุจ ุฌุฏุฏ,ูุตู ุฏุฑุงุณู', 'cooperation, international universities, academic programs, exchange'),
(3, 'ููุฒ ูุฑูู ุงูุฌุงูุนุฉ ุจุงููุฑูุฒ ุงูุฃูู ูู ูุณุงุจูุฉ ุงูุงุจุชูุงุฑ', 'Workshop on Developing Teaching Skills for Faculty Members', 'ุฅูุฌุงุฒ ุฌุฏูุฏ ูุถุงู ูุณุฌู ุงูุฌุงูุนุฉ ุงูุญุงูู', 'Developing teaching methods and enhancing educational outcomes', '<p>ุญูู ูุฑูู ูููุฉ ุงูููุฏุณุฉ ุงููุฑูุฒ ุงูุฃูู ูู ูุณุงุจูุฉ ุงูุงุจุชูุงุฑ ุงูุชููู ุนูู ูุณุชูู ุงูุฌุงูุนุงุชุ ูุงูุชู ูุธูุชูุง ูุฒุงุฑุฉ ุงูุชุนููู ุจุงูุชุนุงูู ูุน ุดุฑูุงุช ุงูุชูููุฉ ุงููุจุฑู.</p><p>ูุชููู ุงููุฑูู ูู ุฎูุณุฉ ุทูุงุจ ูู ูุณู ููุฏุณุฉ ุงูุญุงุณุจุ ููุฏููุง ูุดุฑูุนุงู ูุจุชูุฑุงู ูู ูุฌุงู ุฅูุชุฑูุช ุงูุฃุดูุงุก ูุงููุฏู ุงูุฐููุฉุ ูุงู ุฅุนุฌุงุจ ูุฌูุฉ ุงูุชุญููู ูุชููู ุนูู ุฃูุซุฑ ูู 50 ูุดุฑูุนุงู ูุดุงุฑูุงู ูู ูุฎุชูู ุงูุฌุงูุนุงุช.</p><p>ูุฃุดุงุฏ ุนููุฏ ูููุฉ ุงูููุฏุณุฉ ุจูุฐุง ุงูุฅูุฌุงุฒุ ูุคูุฏุงู ุนูู ุฏุนู ุงูุฌุงูุนุฉ ุงููุณุชูุฑ ููุงุจุชูุงุฑ ูุงูุฅุจุฏุงุน ูุฏู ุงูุทูุงุจ ูุชุดุฌูุนูู ุนูู ุงููุดุงุฑูุฉ ูู ุงููุณุงุจูุงุช ุงููุญููุฉ ูุงูุฏูููุฉ.</p>', '<p>The university celebrated the graduation of a new batch of students from various colleges. The ceremony was attended by university officials, faculty members, students\' families, and a number of distinguished guests.</p><p>During the ceremony, outstanding students were honored, and graduation certificates were distributed to all graduates. The university president delivered a speech congratulating the graduates and wishing them success in their future careers.</p><p>The ceremony included various artistic and cultural performances that reflected the university\'s cultural diversity and its interest in developing students\' talents.</p>', 'ุญูู ูุฑูู ูููุฉ ุงูููุฏุณุฉ ุงููุฑูุฒ ุงูุฃูู ูู ูุณุงุจูุฉ ุงูุงุจุชูุงุฑ ุงูุชููู ุนูู ูุณุชูู ุงูุฌุงูุนุงุช ุจูุดุฑูุน ูุจุชูุฑ ูู ูุฌุงู ุฅูุชุฑูุช ุงูุฃุดูุงุก ูุงููุฏู ุงูุฐููุฉ', 'The university celebrated the graduation of a new batch of students from various colleges with the presence of officials and families.', '/images/news/innovation.jpg', '2025-06-12 01:37:16', '2025-05-18 14:45:00', 3, 3, 77, 1, 1, 3, 'innovation-competition-win', 'ุงุจุชูุงุฑ,ูุณุงุจูุฉ,ุฅูุฌุงุฒ,ูููุฉ ุงูููุฏุณุฉ', 'graduation, ceremony, students, achievement'),
(4, ' ุนูู ุญูู ุชูููุงุช ุงูุชุนูู ุงูุนููู', 'Student Activities Week Launches with Various Events', 'ุชุฏุฑูุจ ุนููู ุนูู ุฃุญุฏุซ ุชูููุงุช ุงูุฐูุงุก ุงูุงุตุทูุงุนู', 'Cultural, sports, and social activities for university students', '<p>ุชูุธู ูููุฉ ุนููู ุงูุญุงุณุจ ูุฑุดุฉ ุนูู ูุชุฎุตุตุฉ ูู ุชูููุงุช ุงูุชุนูู ุงูุนููู ูุชุทุจููุงุชูุงุ ูุฐูู ููู ุงูุซูุงุซุงุก ุงููุงุฏู ูู ูุงุนุฉ ุงููุคุชูุฑุงุช ุงูุฑุฆูุณูุฉ.</p><p>ูุณุชุชูุงูู ุงููุฑุดุฉ ุฃุณุงุณูุงุช ุงูุชุนูู ุงูุนููู ูุงูุดุจูุงุช ุงูุนุตุจูุฉ ูุชุทุจููุงุชูุง ูู ูุฌุงูุงุช ุงูุฑุคูุฉ ุงูุญุงุณูุจูุฉ ููุนุงูุฌุฉ ุงููุบุงุช ุงูุทุจูุนูุฉุ ูุน ุชุฏุฑูุจ ุนููู ุนูู ุงุณุชุฎุฏุงู ุฃุทุฑ ุงูุนูู ุงูุดููุฑุฉ ูุซู TensorFlow ู PyTorch.</p><p>ุงููุฑุดุฉ ููุชูุญุฉ ูุทูุงุจ ุงูุฌุงูุนุฉ ูุงูููุชููู ูู ุฎุงุฑุฌูุงุ ููุดุชุฑุท ุงูุชุณุฌูู ุงููุณุจู ุนุจุฑ ููุตุฉ ุงููุนุงููุงุช ุงูุฅููุชุฑูููุฉ ููุฌุงูุนุฉ.</p>', '<p>The university organized a community service campaign with the participation of students and faculty members. The campaign included various activities aimed at serving the local community and enhancing social responsibility.</p><p>Activities included cleaning campaigns, tree planting, visiting hospitals and care homes, and organizing awareness lectures on various topics. The campaign received wide community participation and positive interaction.</p><p>This campaign is part of the university\'s efforts to enhance its role in community service and instill the values of volunteerism and social responsibility among its students.</p>', 'ุชูุธู ูููุฉ ุนููู ุงูุญุงุณุจ ูุฑุดุฉ ุนูู ูุชุฎุตุตุฉ ูู ุชูููุงุช ุงูุชุนูู ุงูุนููู ูุชุทุจููุงุชูุง ูุน ุชุฏุฑูุจ ุนููู ุนูู ุฃุทุฑ ุงูุนูู ุงูุดููุฑุฉ', 'The university organized a community service campaign with the participation of students and faculty members to serve the local community.', '/images/news/workshop.jpg', '2025-06-14 01:37:16', '2025-07-08 21:16:39', 1, 4, 0, 0, 1, 4, 'deep-learning-workshop', 'ูุฑุดุฉ ุนูู,ุชุนูู ุนููู,ุฐูุงุก ุงุตุทูุงุนู,ุชุฏุฑูุจ', 'community service, volunteer work, social responsibility, students'),
(5, 'ุชูููุน ุงุชูุงููุฉ ุชุนุงูู ูุน ุดุฑูุงุช ุงูุชูููุฉ', 'University Announces New Scholarships for Outstanding Students', 'ุดุฑุงูุฉ ุงุณุชุฑุงุชูุฌูุฉ ูุชุฏุฑูุจ ุงูุทูุงุจ ูุชูุธูู ุงูุฎุฑูุฌูู', 'Supporting outstanding students and providing educational opportunities', '<p>ููุนุช ุงูุฌุงูุนุฉ ุงุชูุงููุฉ ุชุนุงูู ูุน ูุจุฑู ุดุฑูุงุช ุงูุชูููุฉ ูุชุฏุฑูุจ ุงูุทูุงุจ ูุชูููุฑ ูุฑุต ุนูู ููุฎุฑูุฌููุ ูุฐูู ูู ุฅุทุงุฑ ุณุนู ุงูุฌุงูุนุฉ ูุชุนุฒูุฒ ุงูุดุฑุงูุฉ ูุน ุงููุทุงุน ุงูุฎุงุต.</p><p>ูุชุดูู ุงูุงุชูุงููุฉ ุชูููุฑ ุจุฑุงูุฌ ุชุฏุฑูุจูุฉ ููุทูุงุจ ุฎูุงู ูุชุฑุฉ ุงูุฏุฑุงุณุฉุ ูุฅุชุงุญุฉ ูุฑุต ุงูุชุฏุฑูุจ ุงูุตูููุ ุจุงูุฅุถุงูุฉ ุฅูู ุชูููุฑ ูุฑุต ูุธูููุฉ ููุฎุฑูุฌูู ุงููุชููุฒูู.</p><p>ููุง ุชุชุถูู ุงูุงุชูุงููุฉ ุชุทููุฑ ุงูููุงูุฌ ุงูุฏุฑุงุณูุฉ ุจูุง ูุชูุงูู ูุน ูุชุทูุจุงุช ุณูู ุงูุนููุ ูุฅุดุฑุงู ุฎุจุฑุงุก ูู ุงูุดุฑูุงุช ูู ุชูุฏูู ูุญุงุถุฑุงุช ููุฑุด ุนูู ููุทูุงุจ.</p>', '<p>The university organized an important event that brought together faculty members, students, and distinguished guests. The event included various activities and discussions about academic development and enhancing the educational process.</p><p>The university president emphasized the importance of continuous development and keeping pace with global educational trends. He also praised the efforts of all participants and their positive contributions.</p><p>At the end of the event, certificates were distributed to the participants, and future plans were announced to organize similar events that contribute to enriching the university experience.</p>', 'ููุนุช ุงูุฌุงูุนุฉ ุงุชูุงููุฉ ุชุนุงูู ูุน ูุจุฑู ุดุฑูุงุช ุงูุชูููุฉ ูุชุฏุฑูุจ ุงูุทูุงุจ ูุชูููุฑ ูุฑุต ุนูู ููุฎุฑูุฌูู ูุชุทููุฑ ุงูููุงูุฌ ุงูุฏุฑุงุณูุฉ', 'The university organized an important event with the participation of faculty members, students, and distinguished guests to discuss academic development.', '/images/news/agreement.jpg', '2025-06-14 01:37:16', '2025-05-14 13:10:00', 2, 1, 44, 1, 1, 5, 'tech-companies-agreement', 'ุงุชูุงููุฉ,ุชุนุงูู,ุชูุธูู,ุชุฏุฑูุจ,ุดุฑูุงุช ุชูููุฉ', 'university, event, academic development, education'),
(6, 'ุฅุทูุงู ุงูููุตุฉ ุงูุฅููุชุฑูููุฉ ุงูุฌุฏูุฏุฉ ููุฌุงูุนุฉ', 'Faculty Members Participate in International Research Conference', 'ุชุทููุฑ ุงูุฎุฏูุงุช ุงูุฅููุชุฑูููุฉ ููุทูุงุจ ูุฃุนุถุงุก ููุฆุฉ ุงูุชุฏุฑูุณ', 'Sharing research experiences and building international partnerships', '<p>ุฃุทููุช ุงูุฌุงูุนุฉ ููุตุชูุง ุงูุฅููุชุฑูููุฉ ุงูุฌุฏูุฏุฉ ูุชุณููู ุงูุฎุฏูุงุช ุงูุทูุงุจูุฉ ูุงูุฃูุงุฏูููุฉุ ูุฐูู ุถูู ุฎุทุชูุง ููุชุญูู ุงูุฑููู ูุชุทููุฑ ุงูุฎุฏูุงุช ุงูุฅููุชุฑูููุฉ.</p><p>ูุชุชูุญ ุงูููุตุฉ ุงูุฌุฏูุฏุฉ ุงูุนุฏูุฏ ูู ุงูุฎุฏูุงุช ููุทูุงุจ ูุซู ุงูุชุณุฌูู ูู ุงูููุฑุฑุงุชุ ูุงูุงุทูุงุน ุนูู ุงูุฌุฏูู ุงูุฏุฑุงุณู ูุงููุชุงุฆุฌุ ูุทูุจ ุงููุซุงุฆู ุงูุฑุณููุฉุ ุจุงูุฅุถุงูุฉ ุฅูู ุฎุฏูุงุช ุงูุชูุงุตู ูุน ุฃุนุถุงุก ููุฆุฉ ุงูุชุฏุฑูุณ.</p><p>ููุง ุชููุฑ ุงูููุตุฉ ูุฃุนุถุงุก ููุฆุฉ ุงูุชุฏุฑูุณ ุฎุฏูุงุช ุฅุฏุงุฑุฉ ุงูููุฑุฑุงุชุ ูุฑุตุฏ ุงูุฏุฑุฌุงุชุ ูุงูุชูุงุตู ูุน ุงูุทูุงุจุ ูุฅุฏุงุฑุฉ ุงูุฃุจุญุงุซ ูุงููุดุงุฑูุน ุงูุนูููุฉ.</p>', '<p>A scientific conference was held at the university with the participation of researchers and academics from various universities. The conference discussed the latest scientific developments and research in various fields.</p><p>The conference included several sessions and workshops that addressed important topics in scientific research and academic publishing. Participants presented their research papers and exchanged experiences and knowledge.</p><p>The conference concluded with a set of recommendations aimed at developing scientific research and enhancing cooperation between universities and research centers.</p>', 'ุฃุทููุช ุงูุฌุงูุนุฉ ููุตุชูุง ุงูุฅููุชุฑูููุฉ ุงูุฌุฏูุฏุฉ ูุชุณููู ุงูุฎุฏูุงุช ุงูุทูุงุจูุฉ ูุงูุฃูุงุฏูููุฉ ุถูู ุฎุทุชูุง ููุชุญูู ุงูุฑููู ูุชุทููุฑ ุงูุฎุฏูุงุช ุงูุฅููุชุฑูููุฉ', 'A scientific conference was held at the university with the participation of researchers and academics from various universities to discuss the latest developments.', '/image/a1.jpg', '2025-06-04 01:37:16', '2025-05-12 10:00:00', 3, 2, 80, 0, 1, 6, 'new-university-platform', 'ููุตุฉ ุฅููุชุฑูููุฉ,ุฎุฏูุงุช ุทูุงุจูุฉ,ุชุญูู ุฑููู', 'conference, research, academic, scientific development');

-- --------------------------------------------------------

--
-- ุจููุฉ ุงูุฌุฏูู `news_authors`
--

CREATE TABLE `news_authors` (
  `id` int(11) NOT NULL,
  `name` varchar(100) NOT NULL,
  `name_en` varchar(100) DEFAULT NULL,
  `title` varchar(100) DEFAULT NULL,
  `title_en` varchar(100) DEFAULT NULL,
  `bio` text DEFAULT NULL,
  `bio_en` text DEFAULT NULL,
  `image_url` varchar(255) DEFAULT NULL,
  `is_active` tinyint(1) DEFAULT 1,
  `articles_count` int(11) DEFAULT 0
) ENGINE=InnoDB DEFAULT CHARSET=utf8mb4 COLLATE=utf8mb4_general_ci;

--
-- ุฅุฑุฌุงุน ุฃู ุงุณุชูุฑุงุฏ ุจูุงูุงุช ุงูุฌุฏูู `news_authors`
--

INSERT INTO `news_authors` (`id`, `name`, `name_en`, `title`, `title_en`, `bio`, `bio_en`, `image_url`, `is_active`, `articles_count`) VALUES
(1, 'ุฏ. ูุญูุฏ ุฃุญูุฏ', 'ุฏ. ูุญูุฏ ุฃุญูุฏ (EN)', 'ุฑุฆูุณ ูุณู ุงูุฅุนูุงู', 'EN: ุฑุฆูุณ ูุณู ุงูุฅุนูุงู', 'ุฏูุชูุฑุงู ูู ุงูุฅุนูุงู ูุงูุงุชุตุงูุ ูู ุงูุนุฏูุฏ ูู ุงููุคููุงุช ูู ูุฌุงู ุงูุฅุนูุงู ุงูุฑููู', 'ุฏ. ูุญูุฏ ุฃุญูุฏ (EN) has been working at the university for several years, contributing significantly to the development of academic programs and research initiatives. They hold a PhD from a prestigious university and have received several awards for their academic achievements.', '/images/authors/mohamed.jpg', 1, 0),
(2, 'ุฃ. ุณุงุฑุฉ ุฎุงูุฏ', 'ุฃ. ุณุงุฑุฉ ุฎุงูุฏ (EN)', 'ูุฏูุฑุฉ ุงูุนูุงูุงุช ุงูุนุงูุฉ', 'EN: ูุฏูุฑุฉ ุงูุนูุงูุงุช ุงูุนุงูุฉ', 'ูุชุฎุตุตุฉ ูู ุงูุนูุงูุงุช ุงูุนุงูุฉ ูุงูุฅุนูุงู ุงููุคุณุณูุ ุชุนูู ูู ุงูุฌุงูุนุฉ ููุฐ 10 ุณููุงุช', 'ุฃ. ุณุงุฑุฉ ุฎุงูุฏ (EN) specializes in media and communications with extensive experience in university public relations. They have played a key role in enhancing the university\'s media presence and establishing effective communication channels with the community.', '/images/authors/sara.jpg', 1, 0),
(3, 'ุฏ. ุฃุญูุฏ ุนูู', 'ุฏ. ุฃุญูุฏ ุนูู (EN)', 'ุนููุฏ ูููุฉ ุงูููุฏุณุฉ', 'EN: ุนููุฏ ูููุฉ ุงูููุฏุณุฉ', 'ุฏูุชูุฑุงู ูู ุงูููุฏุณุฉ ุงููููุงููููุฉุ ูู ุงูุนุฏูุฏ ูู ุงูุฃุจุญุงุซ ุงูููุดูุฑุฉ ูู ูุฌูุงุช ุนูููุฉ ุนุงูููุฉ', 'ุฏ. ุฃุญูุฏ ุนูู (EN) is a talented writer and researcher who has contributed numerous articles and research papers to academic and public publications. Their work focuses on educational development and academic innovation.', '/images/authors/ahmed.jpg', 1, 0);

-- --------------------------------------------------------

--
-- ุจููุฉ ุงูุฌุฏูู `news_categories`
--

CREATE TABLE `news_categories` (
  `id` int(11) NOT NULL,
  `name` varchar(100) NOT NULL,
  `name_en` varchar(100) DEFAULT NULL,
  `description` text DEFAULT NULL,
  `description_en` text DEFAULT NULL,
  `icon` text DEFAULT NULL,
  `is_active` tinyint(1) DEFAULT 1,
  `display_order` int(11) DEFAULT 0
) ENGINE=InnoDB DEFAULT CHARSET=utf8mb4 COLLATE=utf8mb4_general_ci;

--
-- ุฅุฑุฌุงุน ุฃู ุงุณุชูุฑุงุฏ ุจูุงูุงุช ุงูุฌุฏูู `news_categories`
--

INSERT INTO `news_categories` (`id`, `name`, `name_en`, `description`, `description_en`, `icon`, `is_active`, `display_order`) VALUES
(1, 'ุฃุฎุจุงุฑ ุงูุฌุงูุนุฉ', 'University News', 'ุฃุญุฏุซ ุฃุฎุจุงุฑ ุงูุฌุงูุนุฉ ูุงููุนุงููุงุช ุงูุฑุณููุฉ', 'Latest university news and updates', 'university', 1, 1),
(2, 'ุฅุนูุงูุงุช', 'Announcements', 'ุฅุนูุงูุงุช ูุงูุฉ ููุทูุงุจ ูุฃุนุถุงุก ููุฆุฉ ุงูุชุฏุฑูุณ', 'Important announcements and notifications', 'announcement', 1, 2),
(3, 'ุฅูุฌุงุฒุงุช', 'EN: ุฅูุฌุงุฒุงุช', 'ุฅูุฌุงุฒุงุช ุงูุฌุงูุนุฉ ูุงูุทูุงุจ ูุฃุนุถุงุก ููุฆุฉ ุงูุชุฏุฑูุณ', 'English description for: ุฅูุฌุงุฒุงุช', 'achievement', 1, 3),
(4, 'ูุนุงููุงุช', 'Events', 'ูุนุงููุงุช ูุฃูุดุทุฉ ุงูุฌุงูุนุฉ ุงููุฎุชููุฉ', 'Events and activities at the university', 'event', 1, 4),
(5, 'ููุงูุงุช ุนูููุฉ', 'EN: ููุงูุงุช ุนูููุฉ', 'ููุงูุงุช ุนูููุฉ ูุจุญุซูุฉ', 'Articles and opinion pieces', 'research', 1, 5);

-- --------------------------------------------------------

--
-- ุจููุฉ ุงูุฌุฏูู `news_media`
--

CREATE TABLE `news_media` (
  `id` int(11) NOT NULL,
  `news_id` int(11) NOT NULL,
  `media_type` enum('image','video','embed') NOT NULL,
  `url` varchar(255) NOT NULL,
  `thumbnail_url` varchar(255) DEFAULT NULL,
  `caption` varchar(255) DEFAULT NULL,
  `caption_en` varchar(255) DEFAULT NULL,
  `display_order` int(11) DEFAULT 0,
  `width` int(11) DEFAULT NULL,
  `height` int(11) DEFAULT NULL,
  `duration` int(11) DEFAULT NULL,
  `is_active` tinyint(1) DEFAULT 1
) ENGINE=InnoDB DEFAULT CHARSET=utf8mb4 COLLATE=utf8mb4_general_ci;

--
-- ุฅุฑุฌุงุน ุฃู ุงุณุชูุฑุงุฏ ุจูุงูุงุช ุงูุฌุฏูู `news_media`
--

INSERT INTO `news_media` (`id`, `news_id`, `media_type`, `url`, `thumbnail_url`, `caption`, `caption_en`, `display_order`, `width`, `height`, `duration`, `is_active`) VALUES
(4, 3, 'image', '/images/news/innovation-team.jpg', '/images/news/innovation-team-thumb.jpg', 'ูุฑูู ูููุฉ ุงูููุฏุณุฉ ุงููุงุฆุฒ ุจุงููุฑูุฒ ุงูุฃูู', 'Students participating in community service activities and volunteer work', 1, 1200, 800, NULL, 1),
(5, 3, 'image', '/images/news/innovation-project.jpg', '/images/news/innovation-project-thumb.jpg', 'ุงููุดุฑูุน ุงููุงุฆุฒ ูู ูุณุงุจูุฉ ุงูุงุจุชูุงุฑ', 'Workshop activities and interactive discussions between participants', 2, 1200, 800, NULL, 1),
(6, 3, 'video', '/videos/innovation-interview.mp4', '/images/news/innovation-video-thumb.jpg', 'ููุงุจูุฉ ูุน ุฃุนุถุงุก ุงููุฑูู ุงููุงุฆุฒ', 'University president during his speech at the opening ceremony', 3, 1920, 1080, 240, 1),
(7, 6, 'image', '/images/news/platform-screenshot.jpg', '/images/news/platform-screenshot-thumb.jpg', 'ููุทุฉ ูู ุงูููุตุฉ ุงูุฅููุชุฑูููุฉ ุงูุฌุฏูุฏุฉ', 'Honoring outstanding students and participants for their achievements', 1, 1200, 800, NULL, 1),
(8, 6, 'video', '/videos/platform-tutorial.mp4', '/images/news/platform-video-thumb.jpg', 'ุดุฑุญ ุงุณุชุฎุฏุงู ุงูููุตุฉ ุงูุฅููุชุฑูููุฉ ุงูุฌุฏูุฏุฉ', 'Image from the university event showing participants and attendees', 2, 1920, 1080, 300, 1);

-- --------------------------------------------------------

--
-- ุจููุฉ ุงูุฌุฏูู `president_message`
--

CREATE TABLE `president_message` (
  `id` int(11) NOT NULL,
  `title` varchar(255) NOT NULL,
  `title_en` varchar(255) NOT NULL,
  `message` text NOT NULL,
  `message_en` text NOT NULL,
  `president_name` varchar(255) NOT NULL,
  `president_name_en` varchar(255) NOT NULL,
  `president_title` varchar(255) NOT NULL,
  `president_title_en` varchar(255) NOT NULL,
  `image_path` varchar(255) NOT NULL,
  `last_updated` timestamp NOT NULL DEFAULT current_timestamp() ON UPDATE current_timestamp()
) ENGINE=InnoDB DEFAULT CHARSET=utf8mb4 COLLATE=utf8mb4_general_ci;

--
-- ุฅุฑุฌุงุน ุฃู ุงุณุชูุฑุงุฏ ุจูุงูุงุช ุงูุฌุฏูู `president_message`
--

INSERT INTO `president_message` (`id`, `title`, `title_en`, `message`, `message_en`, `president_name`, `president_name_en`, `president_title`, `president_title_en`, `image_path`, `last_updated`) VALUES
(1, 'ูููุฉ ุฑุฆูุณุฉ ุงูุฌุงูุนุฉ', 'President Message', 'ุงุฑุญุจ ุจูู ูู ุฌุงูุนุฉ  ุงูุฑูุงุฏุฉ ุงูุตุฑุญ ุงูุนููู ุงูุฐู ูุฌูุน ุจูู ุงูุงุตุงูุฉ ูุงูุงุจุชูุงุฑ ูุจูู ุงููุธุฑู ูุงูุชุทุจูู , ูุณุนู ุจุงุณุชูุฑุงุฑ ูุตูุงุนุฉ ุงูุบุฏ ููุงุฏุฉ ุงููุณุชูุจู ูู ุจูุฆุฉ ูุญูุฒุฉ ุนูู ุงูุงุจุฏุงุน , ุชุฏูุฌ ุจูู ุงููุนุฑูุฉ ุงูุฑุตููุฉ ูุงูููุงุฑุงุช ุงูุนุตุฑูุฉ.\nุงููุง ุนูู ูููู ุงูู ูู ุทุงูุจ ูุทุงูุจุฉ ูู ูุตุฉ ูุฌุงุญ ูุงุฏูุฉ , ูุฃู ูู ุจุญุซู ุนููู ูู ุฎุทูุฉ ูุญู ุชูููุฉ ุงููุฌุชูุน . ูุฐุง ุชูุชุฒู ุงูุฌุงูุนุฉ ุจุฌูุฏุฉ ุงูุชุนููู , ูุชุณุนู ูุชุฃููู ูุงูุฏุฉู ูุณูููู ูู ุจูุงุก ุงููุนุฑูุฉ ูุงูุงูุชุตุงุฏ.\nุฎุชุงููุง ูุชููู ููู ูู ูุณูุฑุชูู ุงูุฌุงูุนูุฉ ุนุงูุง ุฌุงูุนูุง ุณุนูุฏุง ูุญุงููุง ุจุงูุนูู ูุงูุฌุฏ ูุงูุงุฌุชูุงุฏ ูุชูููู ููู ุงูุชูููู ูุงููุฌุงุญ ', 'Welcome to Al-Riyada University, where we strive to provide a distinguished educational environment that combines authenticity and modernity. We are committed to graduating a generation of leaders and innovators capable of contributing to community development and building the future.', 'ุฃ.ุฏ: ูููุฉ ุตุงูุญ ุงููุนูู', 'Prof: Nahla Saleh AL_kaki', 'ุฑุฆูุณุฉ ุฌุงูุนุฉ ุงูุฑูุงุฏุฉ', 'President of Al-Riyada University', '/image/1.jpg', '2025-07-10 08:28:59');

-- --------------------------------------------------------

--
-- ุจููุฉ ุงูุฌุฏูู `projects`
--

CREATE TABLE `projects` (
  `id` int(11) NOT NULL,
  `program_id` int(11) NOT NULL,
  `title_ar` varchar(255) NOT NULL,
  `title_en` varchar(255) DEFAULT NULL,
  `description_ar` text DEFAULT NULL,
  `description_en` text DEFAULT NULL,
  `image_url` varchar(255) DEFAULT NULL,
  `created_at` timestamp NOT NULL DEFAULT current_timestamp(),
  `updated_at` timestamp NOT NULL DEFAULT current_timestamp() ON UPDATE current_timestamp()
) ENGINE=InnoDB DEFAULT CHARSET=utf8mb4 COLLATE=utf8mb4_general_ci;

--
-- ุฅุฑุฌุงุน ุฃู ุงุณุชูุฑุงุฏ ุจูุงูุงุช ุงูุฌุฏูู `projects`
--

INSERT INTO `projects` (`id`, `program_id`, `title_ar`, `title_en`, `description_ar`, `description_en`, `image_url`, `created_at`, `updated_at`) VALUES
(1, 1, 'ุชุทุจูู ุฐูู ููุฑุนุงูุฉ ุงูุตุญูุฉ', 'Smart Healthcare Application', 'ุชุทููุฑ ุชุทุจูู ุฐูู ููููุงุชู ุงูุฐููุฉ ูุณุงุนุฏ ูู ูุชุงุจุนุฉ ุงูุญุงูุฉ ุงูุตุญูุฉ ูุชูุฏูู ุชูุตูุงุช ุดุฎุตูุฉ.', 'Development of a smart mobile application that helps in monitoring health status and providing personalized recommendations.', '/images/it-project1.jpg', '2025-06-01 19:13:41', '2025-06-21 01:42:37'),
(2, 1, 'ูุธุงู ุฅุฏุงุฑุฉ ุชุนูููู', 'Educational Management System', 'ุชุตููู ูุชุทููุฑ ูุธุงู ุฅุฏุงุฑุฉ ุชุนูููู ูุชูุงูู ูุฏุนู ุงูุชุนูู ุนู ุจุนุฏ ูุงูุชูุงุนู ุจูู ุงูุทูุงุจ ูุงููุนูููู.', 'Design and development of an integrated educational management system that supports distance learning and interaction between students and teachers.', '/images/it-project2.jpg', '2025-06-01 19:13:41', '2025-06-21 01:42:37'),
(3, 2, 'ุชุตููู ูุจูู ุณููู ูุณุชุฏุงู', 'Sustainable Residential Building Design', 'ูุดุฑูุน ุทูุงุจู ูุชุตููู ูุจูู ุณููู ูุนุชูุฏ ุนูู ูุจุงุฏุฆ ุงูุงุณุชุฏุงูุฉ ูุงูุทุงูุฉ ุงููุชุฌุฏุฏุฉ.', 'Student project to design a residential building based on sustainability principles and renewable energy.', '/images/arch-project1.jpg', '2025-06-03 11:46:58', '2025-06-21 01:42:37'),
(4, 2, 'ุฅุนุงุฏุฉ ุชุฃููู ุงููุจุงูู ุงูุชุฑุงุซูุฉ', NULL, 'ุฏุฑุงุณุฉ ูุชุตููู ูุฅุนุงุฏุฉ ุชุฃููู ุงููุจุงูู ุงูุชุฑุงุซูุฉ ูุน ุงูุญูุงุธ ุนูู ูููุชูุง ุงูุชุงุฑูุฎูุฉ.', NULL, '/images/arch-project2.jpg', '2025-06-03 11:46:58', '2025-06-03 11:46:58'),
(5, 2, 'ุชุตููู ูุฑูุฒ ุซูุงูู', NULL, 'ุชุตููู ูุฑูุฒ ุซูุงูู ูุชุนุฏุฏ ุงูุงุณุชุฎุฏุงูุงุช ูุนูุณ ุงููููุฉ ุงููุญููุฉ ูููุจู ุงุญุชูุงุฌุงุช ุงููุฌุชูุน.', NULL, '/images/arch-project3.jpg', '2025-06-03 11:46:58', '2025-06-03 11:46:58'),
(6, 3, 'ุชุทุจูู ูุธุงู ูุญุงุณุจุฉ ุชูุงููู ูุดุฑูุฉ ุตูุงุนูุฉ', 'Cost Accounting System Implementation for a Manufacturing Company', 'ุฏุฑุงุณุฉ ุญุงูุฉ ูุชุทุจูู ุนููู ููุธุงู ูุญุงุณุจุฉ ุชูุงููู ูุชูุงูู ูุดุฑูุฉ ุตูุงุนูุฉุ ูุน ุชุญููู ุงููุชุงุฆุฌ ูุชูุฏูู ุงูุชูุตูุงุช.', NULL, '/images/accounting-project1.jpg', '2025-06-04 14:41:08', '2025-06-04 14:41:08'),
(7, 3, 'ุชุญููู ุฃุซุฑ ุชุทุจูู ุงููุนุงููุฑ ุงูุฏูููุฉ (IFRS) ุนูู ุงูููุงุฆู ุงููุงููุฉ ูุดุฑูุฉ ูุณุงููุฉ', 'Impact Analysis of IFRS Adoption on Financial Statements of a Listed Company', 'ุจุญุซ ุชุญูููู ูููู ูุฏู ุชุฃุซุฑ ุงูููุงุฆู ุงููุงููุฉ ูุดุฑูุฉ ูุณุงููุฉ ุนุงูุฉ ุจุชุทุจูู ุงููุนุงููุฑ ุงููุญุงุณุจูุฉ ุงูุฏูููุฉ.', NULL, '/images/accounting-project2.jpg', '2025-06-04 14:41:08', '2025-06-04 14:41:08'),
(8, 3, 'ุฏุฑุงุณุฉ ุฌุฏูู ูุญุงุณุจูุฉ ููุดุฑูุน ุงุณุชุซูุงุฑู ุฌุฏูุฏ', 'Accounting Feasibility Study for a New Investment Project', 'ุฅุนุฏุงุฏ ุฏุฑุงุณุฉ ุฌุฏูู ุดุงููุฉ ูู ุงููุงุญูุฉ ุงููุญุงุณุจูุฉ ูุงููุงููุฉ ููุดุฑูุน ุงุณุชุซูุงุฑู ููุชุฑุญุ ูุชูููู ูุฏู ุฑุจุญูุชู ููุฎุงุทุฑู.', NULL, '/images/accounting-project3.jpg', '2025-06-04 14:41:08', '2025-06-04 14:41:08'),
(9, 4, 'ุชุทููุฑ ุงุณุชุฑุงุชูุฌูุฉ ุชุณููู ุฑููู', 'Digital Marketing Strategy Development', 'ูุดุฑูุน ุทูุงุจู ูุชุทููุฑ ุงุณุชุฑุงุชูุฌูุฉ ุชุณููู ุฑููู ูุดุฑูุฉ ูุงุดุฆุฉ ูุญููุฉ.', 'A student project to develop a digital marketing strategy for a local startup.', '/images/project1.jpg', '2025-06-04 14:57:16', '2025-06-04 14:57:16'),
(10, 4, 'ุฏุฑุงุณุฉ ุฌุฏูู ุงูุชุตุงุฏูุฉ', 'Feasibility Study', 'ุฅุนุฏุงุฏ ุฏุฑุงุณุฉ ุฌุฏูู ุงูุชุตุงุฏูุฉ ููุดุฑูุน ุงุณุชุซูุงุฑู ูู ูุทุงุน ุงูุชุฌุฒุฆุฉ.', 'Preparing a feasibility study for an investment project in the retail sector.', '/images/project2.jpg', '2025-06-04 14:57:16', '2025-06-04 14:57:16'),
(11, 4, 'ุชุญุณูู ุงูุนูููุงุช ุงูุฅุฏุงุฑูุฉ', 'Improving Administrative Processes', 'ูุดุฑูุน ูุชุญุณูู ุงูุนูููุงุช ุงูุฅุฏุงุฑูุฉ ูุฒูุงุฏุฉ ุงูููุงุกุฉ ูู ุฅุญุฏู ุงููุคุณุณุงุช ุงูุญููููุฉ.', 'A project to improve administrative processes and increase efficiency in a government institution.', '/images/project3.jpg', '2025-06-04 14:57:16', '2025-06-04 14:57:16'),
(12, 5, 'ุจูุงุก ูุญูุธุฉ ุงุณุชุซูุงุฑูุฉ ูุชูุงุฒูุฉ', 'Building a Balanced Investment Portfolio', 'ูุดุฑูุน ุทูุงุจู ูุจูุงุก ูุฅุฏุงุฑุฉ ูุญูุธุฉ ุงุณุชุซูุงุฑูุฉ ูุชูุงุฒูุฉ ูููุงุณ ุฃุฏุงุฆูุง.', 'A student project to build and manage a balanced investment portfolio and measure its performance.', '/images/finance-project1.jpg', '2025-06-04 14:58:35', '2025-06-04 14:58:35'),
(13, 5, 'ุชุญููู ุงูุฃุณูุงู ุงููุงููุฉ', 'Financial Markets Analysis', 'ุฏุฑุงุณุฉ ุชุญููููุฉ ููุฃุณูุงู ุงููุงููุฉ ุงููุญููุฉ ูุงูุนุงูููุฉ ูุชุฃุซูุฑูุง ุนูู ุงูุงูุชุตุงุฏ.', 'An analytical study of local and global financial markets and their impact on the economy.', '/images/finance-project2.jpg', '2025-06-04 14:58:35', '2025-06-04 14:58:35'),
(14, 5, 'ูููุฐุฌ ุชูููู ูุฎุงุทุฑ ุงูุงุณุชุซูุงุฑ', 'Investment Risk Assessment Model', 'ุชุทููุฑ ูููุฐุฌ ูุชูููู ูุฎุงุทุฑ ุงูุงุณุชุซูุงุฑ ูู ุงููุดุงุฑูุน ุงููุงุดุฆุฉ.', 'Developing a model to assess investment risks in startups.', '/images/finance-project3.jpg', '2025-06-04 14:58:35', '2025-06-04 14:58:35'),
(15, 6, 'ุญููุฉ ุชุณููููุฉ ูุชูุงููุฉ', 'Integrated Marketing Campaign', 'ุชุตููู ูุชูููุฐ ุญููุฉ ุชุณููููุฉ ูุชูุงููุฉ ูููุชุฌ ุฌุฏูุฏ ูู ุงูุณูู ุงููุญูู.', 'Designing and implementing an integrated marketing campaign for a new product in the local market.', '/images/marketing-project1.jpg', '2025-06-04 15:00:17', '2025-06-04 15:00:17'),
(16, 6, 'ุงุณุชุฑุงุชูุฌูุฉ ุชุณููู ุฑููู', 'Digital Marketing Strategy', 'ุชุทููุฑ ุงุณุชุฑุงุชูุฌูุฉ ุชุณููู ุฑููู ูุดุฑูุฉ ูุงุดุฆุฉ ูุชุญููู ููู ูู ุงููุจูุนุงุช.', 'Developing a digital marketing strategy for a startup and achieving sales growth.', '/images/marketing-project2.jpg', '2025-06-04 15:00:17', '2025-06-04 15:00:17'),
(17, 6, 'ุฏุฑุงุณุฉ ุณููู ุงููุณุชููู', 'Consumer Behavior Study', 'ุจุญุซ ููุฏุงูู ุญูู ุณููู ุงููุณุชููู ูุชูุถููุงุชู ูู ูุทุงุน ูุนูู.', 'Field research on consumer behavior and preferences in a specific sector.', '/images/marketing-project3.jpg', '2025-06-04 15:00:17', '2025-06-04 15:00:17'),
(18, 7, 'ุชูููุงุช ุญุฏูุซุฉ ูู ุฒุฑุงุนุฉ ุงูุฃุณูุงู', 'Modern Techniques in Dental Implantation', 'ุฏุฑุงุณุฉ ุญูู ุชูููุงุช ุฒุฑุงุนุฉ ุงูุฃุณูุงู ุงูุญุฏูุซุฉ ููุนุฏูุงุช ูุฌุงุญูุง ุนูู ุงููุฏู ุงูุทููู.', 'A study on modern dental implantation techniques and their long-term success rates.', '/images/dental-project1.jpg', '2025-06-04 15:02:01', '2025-06-04 15:02:01'),
(19, 7, 'ููุงุฏ ุชุฑููููุฉ ุฌุฏูุฏุฉ', 'New Restorative Materials', 'ุชูููู ูุนุงููุฉ ููุงุฏ ุชุฑููููุฉ ุฌุฏูุฏุฉ ูู ุนูุงุฌ ุชุณูุณ ุงูุฃุณูุงู ูููุงุฑูุชูุง ุจุงูููุงุฏ ุงูุชูููุฏูุฉ.', 'Evaluating the effectiveness of new restorative materials in treating dental caries and comparing them with traditional materials.', '/images/dental-project2.jpg', '2025-06-04 15:02:01', '2025-06-04 15:02:01'),
(20, 7, 'ุจุฑูุงูุฌ ุชูุนูุฉ ุตุญุฉ ุงููู', 'Oral Health Awareness Program', 'ุชุตููู ูุชูููุฐ ุจุฑูุงูุฌ ุชูุนูู ูุชุนุฒูุฒ ุตุญุฉ ุงููู ูุงูุฃุณูุงู ูู ุงููุฏุงุฑุณ ุงูุงุจุชุฏุงุฆูุฉ.', 'Designing and implementing an awareness program to promote oral and dental health in elementary schools.', '/images/dental-project3.jpg', '2025-06-04 15:02:01', '2025-06-04 15:02:01'),
(21, 8, 'ุชุทููุฑ ุทุฑู ุชุดุฎูุตูุฉ ุฌุฏูุฏุฉ', 'Development of New Diagnostic Methods', 'ุฏุฑุงุณุฉ ูุชุทููุฑ ุทุฑู ุชุดุฎูุตูุฉ ุณุฑูุนุฉ ูุฏูููุฉ ูููุดู ุนู ุงูุฃูุฑุงุถ ุงููุนุฏูุฉ.', 'A study to develop rapid and accurate diagnostic methods for detecting infectious diseases.', '/images/lab-project1.jpg', '2025-06-04 15:02:24', '2025-06-04 15:02:24'),
(22, 8, 'ุชูููู ุงุฎุชุจุงุฑุงุช ูุฎุจุฑูุฉ', 'Evaluation of Laboratory Tests', 'ุชูููู ุฏูุฉ ููุนุงููุฉ ุงูุงุฎุชุจุงุฑุงุช ุงููุฎุจุฑูุฉ ุงููุณุชุฎุฏูุฉ ูู ุชุดุฎูุต ุฃูุฑุงุถ ุงูุฏู.', 'Evaluating the accuracy and effectiveness of laboratory tests used in diagnosing blood diseases.', '/images/lab-project2.jpg', '2025-06-04 15:02:24', '2025-06-04 15:02:24'),
(23, 8, 'ูุธุงู ุฅุฏุงุฑุฉ ุฌูุฏุฉ ุงููุฎุชุจุฑุงุช', 'Laboratory Quality Management System', 'ุชุตููู ูุชุทุจูู ูุธุงู ูุฅุฏุงุฑุฉ ุงูุฌูุฏุฉ ูู ุงููุฎุชุจุฑุงุช ุงูุทุจูุฉ ููู ุงููุนุงููุฑ ุงูุฏูููุฉ.', 'Designing and implementing a quality management system in medical laboratories according to international standards.', '/images/lab-project3.jpg', '2025-06-04 15:02:24', '2025-06-04 15:02:24'),
(24, 9, 'ุฏุฑุงุณุฉ ูุจุงุฆูุฉ ูุญููุฉ', 'Local Epidemiological Study', 'ุฏุฑุงุณุฉ ูุจุงุฆูุฉ ุญูู ุงูุชุดุงุฑ ุงูุฃูุฑุงุถ ุงููุฒููุฉ ูู ุงููุฌุชูุน ุงููุญูู ูุนูุงูู ุงูุฎุทุฑ ุงููุฑุชุจุทุฉ ุจูุง.', 'An epidemiological study on the prevalence of chronic diseases in the local community and associated risk factors.', '/images/med-project1.jpg', '2025-06-04 15:02:38', '2025-06-04 15:02:38'),
(25, 9, 'ุชุทููุฑ ุจุฑูุชูููู ุนูุงุฌู', 'Development of a Treatment Protocol', 'ุชุทููุฑ ูุชูููู ุจุฑูุชูููู ุนูุงุฌู ุฌุฏูุฏ ูุฅุฏุงุฑุฉ ูุฑุถู ุงูุณูุฑู ูู ุงูููุน ุงูุซุงูู.', 'Developing and evaluating a new treatment protocol for managing type 2 diabetes patients.', '/images/med-project2.jpg', '2025-06-04 15:02:38', '2025-06-04 15:02:38'),
(26, 9, 'ุชุทุจูู ููุฑุนุงูุฉ ุงูุตุญูุฉ', 'Healthcare Application', 'ุชุตููู ุชุทุจูู ุฐูู ููููุงุชู ุงููุญูููุฉ ููุชุงุจุนุฉ ุงูุญุงูุฉ ุงูุตุญูุฉ ูููุฑุถู ุนู ุจุนุฏ.', 'Designing a smart mobile application for remote patient health monitoring.', '/images/med-project3.jpg', '2025-06-04 15:02:38', '2025-06-04 15:02:38'),
(27, 10, 'ุชุทููุฑ ูุธุงู ุชูุตูู ุฏูุงุฆู', 'Development of a Drug Delivery System', 'ุชุตููู ูุชุทููุฑ ูุธุงู ุชูุตูู ุฏูุงุฆู ุฌุฏูุฏ ูุชุญุณูู ูุนุงููุฉ ุงูุนูุงุฌ ูุชูููู ุงูุขุซุงุฑ ุงูุฌุงูุจูุฉ.', 'Designing and developing a new drug delivery system to improve treatment efficacy and reduce side effects.', '/images/pharma-project1.jpg', '2025-06-04 15:02:56', '2025-06-04 15:02:56'),
(28, 10, 'ุฏุฑุงุณุฉ ุชูุงุนูุงุช ุฏูุงุฆูุฉ', 'Study of Drug Interactions', 'ุฏุฑุงุณุฉ ุงูุชูุงุนูุงุช ุจูู ุงูุฃุฏููุฉ ุงููุณุชุฎุฏูุฉ ูู ุนูุงุฌ ุงูุฃูุฑุงุถ ุงููุฒููุฉ ูุชุฃุซูุฑูุง ุนูู ูุนุงููุฉ ุงูุนูุงุฌ.', 'Studying interactions between drugs used in treating chronic diseases and their impact on treatment effectiveness.', '/images/pharma-project2.jpg', '2025-06-04 15:02:56', '2025-06-04 15:02:56'),
(29, 10, 'ุงุณุชุฎูุงุต ููุงุฏ ูุนุงูุฉ ุทุจูุนูุฉ', 'Extraction of Natural Active Compounds', 'ุงุณุชุฎูุงุต ูุชุญููู ููุงุฏ ูุนุงูุฉ ุทุจูุนูุฉ ูู ุงููุจุงุชุงุช ุงููุญููุฉ ูุฏุฑุงุณุฉ ุชุฃุซูุฑุงุชูุง ุงูุนูุงุฌูุฉ.', 'Extracting and analyzing natural active compounds from local plants and studying their therapeutic effects.', '/images/pharma-project3.jpg', '2025-06-04 15:02:56', '2025-06-04 15:02:56');

-- --------------------------------------------------------

--
-- ุจููุฉ ุงูุฌุฏูู `skills`
--

CREATE TABLE `skills` (
  `id` int(11) NOT NULL,
  `program_id` int(11) NOT NULL,
  `skill_name` varchar(255) NOT NULL,
  `skill_name_en` varchar(255) NOT NULL,
  `icon` varchar(100) DEFAULT NULL,
  `created_at` timestamp NOT NULL DEFAULT current_timestamp(),
  `updated_at` timestamp NOT NULL DEFAULT current_timestamp() ON UPDATE current_timestamp()
) ENGINE=InnoDB DEFAULT CHARSET=utf8mb4 COLLATE=utf8mb4_general_ci;

--
-- ุฅุฑุฌุงุน ุฃู ุงุณุชูุฑุงุฏ ุจูุงูุงุช ุงูุฌุฏูู `skills`
--

INSERT INTO `skills` (`id`, `program_id`, `skill_name`, `skill_name_en`, `icon`, `created_at`, `updated_at`) VALUES
(1, 1, 'ุฅุฏุงุฑุฉ ุงููุดุงุฑูุน ุงูุชูููุฉ', 'Technical Project Management', '๐', '2025-06-03 11:30:02', '2025-06-25 08:05:40'),
(2, 1, 'ุงูุฐูุงุก ุงูุงุตุทูุงุนู', 'Artificial Intelligence', 'robot', '2025-06-03 11:30:02', '2025-06-16 05:39:31'),
(3, 1, 'ุฃูู ุงููุนูููุงุช', 'Information Security', 'shield', '2025-06-03 11:30:02', '2025-06-16 05:39:31'),
(4, 1, 'ุชุทููุฑ ุงูุชุทุจููุงุช', 'Application Development', 'app', '2025-06-03 11:30:02', '2025-06-16 05:39:31'),
(5, 1, 'ุชุญููู ุงูุจูุงูุงุช', 'Data Analysis', 'search', '2025-06-03 11:30:02', '2025-06-16 05:39:31'),
(6, 1, 'ุงูุจุฑูุฌุฉ ุงููุชูุฏูุฉ', 'Advanced Programming', 'laptop', '2025-06-03 11:30:02', '2025-06-16 05:39:31'),
(7, 2, 'ุงูุชุตููู ุงููุนูุงุฑู', 'Architectural Design', '๐๏ธ', '2025-06-03 11:45:07', '2025-06-16 05:42:13'),
(8, 2, 'ุงูุฑุณู ูุงูุชุตูุฑ', 'Drawing and Visualization', '๐๏ธ', '2025-06-03 11:45:07', '2025-06-16 05:42:13'),
(9, 2, 'ุจุฑุงูุฌ ุงูุชุตููู', 'Design Software', '๐ป', '2025-06-03 11:45:07', '2025-06-16 05:42:13'),
(10, 2, 'ุงูุชุตููู ุงููุณุชุฏุงู', 'Sustainable Design', '๐ฑ', '2025-06-03 11:45:07', '2025-06-16 05:42:13'),
(11, 2, 'ุชุญููู ุงููุดููุงุช', 'Problem Analysis', '๐', '2025-06-03 11:45:07', '2025-06-16 05:42:13'),
(12, 3, 'ุชุญููู ุงูููุงุฆู ุงููุงููุฉ', 'Financial Statement Analysis', '๐', '2025-06-04 14:42:02', '2025-06-16 05:42:13'),
(13, 3, 'ุฅุนุฏุงุฏ ุงูุชูุงุฑูุฑ ุงููุงููุฉ', 'Financial Reporting', '๐งพ', '2025-06-04 14:42:02', '2025-06-16 05:42:13'),
(14, 3, 'ุงุณุชุฎุฏุงู ุจุฑุงูุฌ ุงููุญุงุณุจุฉ (ูุซู QuickBooks, SAP)', 'Accounting Software Proficiency (e.g., QuickBooks, SAP)', '๐ป', '2025-06-04 14:42:02', '2025-06-16 05:42:13'),
(15, 3, 'ุงูุชุฏููู ุงูุฏุงุฎูู ูุงูุฎุงุฑุฌู', 'Internal and External Auditing', '๐', '2025-06-04 14:42:02', '2025-06-16 05:42:13'),
(16, 3, 'ุงูุชุฎุทูุท ุงููุงูู ูุฅุนุฏุงุฏ ุงูููุงุฒูุงุช', 'Financial Planning and Budgeting', '๐ฏ', '2025-06-04 14:42:02', '2025-06-16 05:42:13'),
(17, 3, 'ุชุทุจูู ุงููุนุงููุฑ ุงููุญุงุณุจูุฉ ุงูุฏูููุฉ', 'IFRS Application', '๐', '2025-06-04 14:42:02', '2025-06-16 05:42:13'),
(18, 3, 'ุงูุชุญููู ุงูููุฏู ูููุนูููุงุช ุงููุงููุฉ', 'Financial Data Analysis', '๐ก', '2025-06-04 14:42:02', '2025-06-16 05:42:13'),
(19, 3, 'ููุงุฑุงุช ุงูุงุชุตุงู ูุนุฑุถ ุงููุชุงุฆุฌ ุงููุงููุฉ', 'Communication and Presentation of Financial Results', '๐ฃ๏ธ', '2025-06-04 14:42:02', '2025-06-16 05:42:13'),
(20, 4, 'ุงูุชุฎุทูุท ุงูุงุณุชุฑุงุชูุฌู', 'Strategic Planning', '๐', '2025-06-04 14:57:16', '2025-06-16 05:42:13'),
(21, 4, 'ุฅุฏุงุฑุฉ ูุฑู ุงูุนูู', 'Team Management', '๐ฅ', '2025-06-04 14:57:16', '2025-06-16 05:42:13'),
(22, 4, 'ุญู ุงููุดููุงุช', 'Problem Solving', '๐', '2025-06-04 14:57:16', '2025-06-16 05:42:13'),
(23, 4, 'ุงุชุฎุงุฐ ุงููุฑุงุฑ', 'Decision Making', '๐ผ', '2025-06-04 14:57:16', '2025-06-16 05:42:13'),
(24, 4, 'ุงูุชูุงุตู ุงููุนุงู', 'Effective Communication', '๐ฃ๏ธ', '2025-06-04 14:57:16', '2025-06-16 05:42:13'),
(25, 4, 'ุงูุชุญููู ุงููุงูู', 'Financial Analysis', '๐', '2025-06-04 14:57:16', '2025-06-16 05:42:14'),
(26, 5, 'ุงูุชุญููู ุงููุงูู', '', '๐', '2025-06-04 14:58:35', '2025-06-04 14:58:35'),
(27, 5, 'ุฅุฏุงุฑุฉ ุงููุฎุงุทุฑ', 'Risk Management', 'โ๏ธ', '2025-06-04 14:58:35', '2025-06-16 05:42:14'),
(28, 5, 'ุชุฎุทูุท ุงูุงุณุชุซูุงุฑ', 'Investment Planning', '๐', '2025-06-04 14:58:35', '2025-06-16 05:42:14'),
(29, 5, 'ุฅุฏุงุฑุฉ ุงููุญุงูุธ ุงูุงุณุชุซูุงุฑูุฉ', 'Portfolio Management', '๐ผ', '2025-06-04 14:58:35', '2025-06-16 05:42:14'),
(30, 5, 'ุงูุชูููู ุงููุงูู', 'Financial Evaluation', '๐', '2025-06-04 14:58:35', '2025-06-16 05:42:14'),
(31, 5, 'ููู ุงูุฃุณูุงู ุงููุงููุฉ', 'Understanding Financial Markets', '๐', '2025-06-04 14:58:35', '2025-06-16 05:42:14'),
(32, 6, 'ุชุญููู ุงูุณูู', 'Market Analysis', '๐', '2025-06-04 15:00:17', '2025-06-16 05:42:14'),
(33, 6, 'ุงูุชุณููู ุงูุฑููู', 'Digital Marketing', '๐ป', '2025-06-04 15:00:17', '2025-06-16 05:42:14'),
(34, 6, 'ุฅุฏุงุฑุฉ ุงูุญููุงุช ุงูุฅุนูุงููุฉ', 'Advertising Campaign Management', '๐ฑ', '2025-06-04 15:00:17', '2025-06-16 05:42:14'),
(35, 6, 'ุงูุชูุงุตู ูุงูุฅููุงุน', 'Communication and Persuasion', '๐ฃ๏ธ', '2025-06-04 15:00:17', '2025-06-16 05:42:14'),
(36, 6, 'ุงุณุชูุฏุงู ุงูุฌูููุฑ', 'Audience Targeting', '๐ฏ', '2025-06-04 15:00:17', '2025-06-16 05:42:14'),
(37, 6, 'ุชุญููู ุงูุจูุงูุงุช', '', '๐', '2025-06-04 15:00:17', '2025-06-04 15:00:17'),
(38, 7, 'ุงูุชุดุฎูุต ุงูุณูู', 'Dental Diagnosis', '๐', '2025-06-04 15:02:00', '2025-06-16 05:42:14'),
(39, 7, 'ุงูุนูุงุฌ ุงูุชุฑูููู', 'Restorative Treatment', '๐ฆท', '2025-06-04 15:02:00', '2025-06-16 05:42:14'),
(40, 7, 'ุชุฑููุจ ุงูุฃุณูุงู', 'Dental Prosthetics', '๐ง', '2025-06-04 15:02:00', '2025-06-16 05:42:14'),
(41, 7, 'ุงูุฌุฑุงุญุฉ ุงูุณููุฉ', 'Oral Surgery', '๐', '2025-06-04 15:02:00', '2025-06-16 05:42:14'),
(42, 7, 'ุงูุชูููุฑ ุงูููุฏู', 'Critical Thinking', '๐ง', '2025-06-04 15:02:00', '2025-06-16 05:42:14'),
(43, 7, 'ุงูุชูุงุตู ูุน ุงููุฑุถู', 'Patient Communication', '๐ฃ๏ธ', '2025-06-04 15:02:00', '2025-06-16 05:42:14'),
(44, 8, 'ุชูููุงุช ุงููุฎุชุจุฑุงุช', 'Laboratory Techniques', '๐ฌ', '2025-06-04 15:02:24', '2025-06-16 05:42:14'),
(45, 8, 'ุงูุชุญููู ุงูููููุงุฆู', 'Chemical Analysis', '๐งช', '2025-06-04 15:02:24', '2025-06-16 05:42:14'),
(46, 8, 'ุงููุญุต ุงููุฌูุฑู', 'Microscopic Examination', '๐', '2025-06-04 15:02:24', '2025-06-16 05:42:14'),
(47, 8, 'ุชูุณูุฑ ุงููุชุงุฆุฌ', 'Results Interpretation', '๐', '2025-06-04 15:02:24', '2025-06-16 05:42:14'),
(48, 8, 'ุชุดุบูู ุงูุฃุฌูุฒุฉ ุงููุฎุจุฑูุฉ', 'Laboratory Equipment Operation', 'โ๏ธ', '2025-06-04 15:02:24', '2025-06-16 05:42:14'),
(49, 8, 'ุถุจุท ุงูุฌูุฏุฉ', 'Quality Control', '๐', '2025-06-04 15:02:24', '2025-06-16 05:42:14'),
(50, 9, 'ุงูุชุดุฎูุต ุงูุณุฑูุฑู', 'Clinical Diagnosis', '๐', '2025-06-04 15:02:38', '2025-06-16 05:42:14'),
(51, 9, 'ุงูููุงุฑุงุช ุงูุฅูููููููุฉ', 'Clinical Skills', '๐', '2025-06-04 15:02:38', '2025-06-16 05:42:14'),
(52, 9, 'ุงูุชูููุฑ ุงูููุฏู', '', '๐ง', '2025-06-04 15:02:38', '2025-06-04 15:02:38'),
(53, 9, 'ุงูุชูุงุตู ูุน ุงููุฑุถู', '', '๐ฃ๏ธ', '2025-06-04 15:02:38', '2025-06-04 15:02:38'),
(54, 9, 'ุชูุณูุฑ ุงููุญูุตุงุช', 'Test Results Interpretation', '๐', '2025-06-04 15:02:38', '2025-06-16 05:42:14'),
(55, 9, 'ุงูุจุญุซ ุงูุนููู', 'Scientific Research', '๐ฌ', '2025-06-04 15:02:38', '2025-06-16 05:42:14'),
(56, 10, 'ุตุฑู ุงูุฃุฏููุฉ', 'Dispensing Medications', '๐', '2025-06-04 15:02:56', '2025-06-16 05:42:14'),
(57, 10, 'ุชุฑููุจ ุงูุฃุฏููุฉ', 'Compounding Medications', '๐งช', '2025-06-04 15:02:56', '2025-06-16 05:42:14'),
(58, 10, 'ุชุญููู ุงูุฃุฏููุฉ', 'Medication Analysis', '๐', '2025-06-04 15:02:56', '2025-06-16 05:42:14'),
(59, 10, 'ูุฑุงูุจุฉ ุงูุฌูุฏุฉ', 'Quality Assurance', '๐', '2025-06-04 15:02:56', '2025-06-16 05:42:14'),
(60, 10, 'ุงูุฅุฑุดุงุฏ ุงูุฏูุงุฆู', 'Pharmacological Guidance', '๐ฃ๏ธ', '2025-06-04 15:02:56', '2025-06-16 05:42:14'),
(61, 10, 'ุงูุจุญุซ ูุงูุชุทููุฑ', 'Research and Development', '๐', '2025-06-04 15:02:56', '2025-06-16 05:42:14');

-- --------------------------------------------------------

--
-- ุจููุฉ ุงูุฌุฏูู `social_links`
--

CREATE TABLE `social_links` (
  `social_id` int(11) NOT NULL,
  `section_id` int(11) NOT NULL,
  `platform` varchar(50) NOT NULL,
  `icon` varchar(50) NOT NULL,
  `url` varchar(255) NOT NULL
) ENGINE=InnoDB DEFAULT CHARSET=utf8mb4 COLLATE=utf8mb4_general_ci;

--
-- ุฅุฑุฌุงุน ุฃู ุงุณุชูุฑุงุฏ ุจูุงูุงุช ุงูุฌุฏูู `social_links`
--

INSERT INTO `social_links` (`social_id`, `section_id`, `platform`, `icon`, `url`) VALUES
(4, 3, '', 'FaFacebook', 'https://facebook.com'),
(5, 3, '', 'FaTwitter', 'https://twitter.com'),
(6, 3, '', 'FaInstagram', 'https://instagram.com'),
(7, 3, '', 'FaLinkedin', 'https://linkedin.com');

-- --------------------------------------------------------

--
-- ุจููุฉ ุงูุฌุฏูู `stats_section`
--

CREATE TABLE `stats_section` (
  `id` int(11) NOT NULL,
  `college_id` int(11) NOT NULL,
  `stat_number` varchar(50) DEFAULT NULL,
  `stat_label` varchar(255) DEFAULT NULL,
  `stat_label_en` varchar(255) DEFAULT NULL
) ENGINE=InnoDB DEFAULT CHARSET=utf8mb4 COLLATE=utf8mb4_general_ci;

--
-- ุฅุฑุฌุงุน ุฃู ุงุณุชูุฑุงุฏ ุจูุงูุงุช ุงูุฌุฏูู `stats_section`
--

INSERT INTO `stats_section` (`id`, `college_id`, `stat_number`, `stat_label`, `stat_label_en`) VALUES
(1, 1, '?+', 'ูุนูู ููุฏุณู', 'Engineering Labs'),
(2, 1, '?+', 'ุฃุณุชุงุฐ ูุฃุณุชุงุฐุฉ', 'Faculty Members'),
(3, 1, '?+', 'ุทุงูุจ ูุทุงูุจุฉ', 'Students'),
(4, 2, '?+', 'ูุฎุชุจุฑ ุทุจู', 'Medical Labs'),
(5, 2, '?+', 'ุฃุณุชุงุฐ ูุฃุณุชุงุฐุฉ', 'Faculty Members'),
(6, 2, '?+', 'ุทุงูุจ ูุทุงูุจุฉ', 'Students'),
(7, 3, '+?', 'ูุงุนุฉ ุฏุฑุงุณูุฉ ูุฌูุฒุฉ', 'Equipped Classrooms'),
(8, 3, '+?', 'ุฃุณุชุงุฐ ูุฃุณุชุงุฐุฉ', 'Faculty Members');

-- --------------------------------------------------------

--
-- ุจููุฉ ุงูุฌุฏูู `universityintrovideo`
--

CREATE TABLE `universityintrovideo` (
  `id` int(11) NOT NULL,
  `video_url` varchar(255) DEFAULT NULL,
  `description_en` text DEFAULT NULL,
  `description_ar` text DEFAULT NULL
) ENGINE=InnoDB DEFAULT CHARSET=utf8mb4 COLLATE=utf8mb4_general_ci;

-- --------------------------------------------------------

--
-- ุจููุฉ ุงูุฌุฏูู `university_goals`
--

CREATE TABLE `university_goals` (
  `id` int(11) NOT NULL,
  `goal_title` varchar(255) NOT NULL,
  `goal_description` text NOT NULL,
  `goal_order` int(11) NOT NULL,
  `icon` varchar(255) DEFAULT NULL,
  `language` varchar(10) NOT NULL DEFAULT 'ar',
  `created_at` timestamp NOT NULL DEFAULT current_timestamp(),
  `updated_at` timestamp NOT NULL DEFAULT current_timestamp() ON UPDATE current_timestamp()
) ENGINE=InnoDB DEFAULT CHARSET=utf8mb4 COLLATE=utf8mb4_general_ci;

--
-- ุฅุฑุฌุงุน ุฃู ุงุณุชูุฑุงุฏ ุจูุงูุงุช ุงูุฌุฏูู `university_goals`
--

INSERT INTO `university_goals` (`id`, `goal_title`, `goal_description`, `goal_order`, `icon`, `language`, `created_at`, `updated_at`) VALUES
(1, 'ุงูุชููุฒ ุงูุฃูุงุฏููู', 'ุฅุนุฏุงุฏ ุฎุฑูุฌูู ูุชููุฒูู ูู ูุฌุงูุงุช ุงูุนููู ุงูุชุทุจูููุฉ ูุงูุฅูุณุงููุฉุ ุจูุง ูุญูู ูุชุทูุจุงุช ุงูุชูููุฉ ูุงุญุชูุงุฌุงุช ุงููุฌุชูุน ูุณูู ุงูุนูู.', 1, 'academic', 'ar', '2025-07-05 13:51:13', '2025-07-05 14:09:17'),
(2, 'ุฑูุงุจุท ูููุฉ ', 'ุชูููุฉ ุงูุฑูุงุจุท ุจูู ุงูุฌุงูุนุฉ ูุงููุฌุชูุน ุจูุง ูุชูุงุกู ูููุธููุฉ ุงูููู ุงููุทููุฉ ูููุฌุชูุน ุงููููู.', 2, 'research', 'ar', '2025-07-05 13:51:13', '2025-07-05 14:09:44'),
(3, 'ุฎุฏูุฉ ุงููุฌุชูุน', 'ุชุณููู ุงููุดุงุท ุงูุจุญุซู ูุงูุนููู ูุงูุงุฌุชูุงุนู ูุชุทููุฑู.', 3, 'community', 'ar', '2025-07-05 13:51:13', '2025-07-05 14:10:03'),
(4, 'ุงูุชุทููุฑ ุงููุณุชูุฑ', 'ุงูุณุนู ูุชุญููู ูุนุงููุฑ ุงูุฌูุฏุฉ ุงูุดุงููุฉ ูุชุฑุณูุฎ ููููุงุช ุงุนุชูุงุฏ ุงูุฌุงูุนุฉ ูุจุฑุงูุฌูุง ุงูุฃูุงุฏูููุฉ ูุชุนุฒูุฒ ุณูุนุชูุง ูุญููุงู ูุฅูููููุงู.', 4, 'development', 'ar', '2025-07-05 13:51:13', '2025-07-05 14:10:34'),
(5, 'ุงูุฑูุงุจุท ุงูุนูููุฉ ', 'ุฅูุงูุฉ ุงูุฑูุงุจุท ุงูุนูููุฉ ูุชุจุงุฏู ุงูุฎุจุฑุงุช ูุน ุงูุฌุงูุนุงุช ูุงููุคุณุณุงุช ุงูุนูููุฉ ูุงูููุฆุงุช ุงููุชููุฒุฉ ูุงููุฑูููุฉ.', 5, 'โจ', 'ar', '2025-07-05 14:12:10', '2025-07-05 14:12:30'),
(6, 'ุงูููุงูู ุงูุฅูุฌุงุจูุฉ', 'ุชูููุฉ ุงูููุงูู ุงูุฅูุฌุงุจูุฉ ูุญู ุงูุชุนูู ุงููุณุชูุฑ ูุงูุนูู ุนูู ุชุนุฒูุฒ ููุงุฑุงุช ุงูุนูู ุงูุฌูุงุนู ูุฑูุญ ุงูุชุนุงูู ูุงููุณุคูููุฉ ูุงูุงูุชุฒุงู ุงูุฃุฎูุงูู ูุฏู ุงูุฎุฑูุฌ.', 6, '๐งจ', 'ar', '2025-07-05 14:14:36', '2025-07-05 14:14:36'),
(7, 'ุจูุฆุฉ ุงูุงุฏูููุฉ ููุชุงุฒุฉ', 'ุชูููุฑ ุจูุฆุฉ ุฃูุงุฏูููุฉ ูุณุงุนุฏุฉ ุนูู ุญุฑูุฉ ุงูููุฑ ูุงูุชุนุจูุฑ ุจูุง ูุง ูุชุนุงุฑุถ ูุน ุงูููู ุงูุงุฌุชูุงุนูุฉ.', 7, '๐ข', 'ar', '2025-07-05 14:14:36', '2025-07-05 14:14:36'),
(8, 'ุงูุชุดุฌูุน ', 'ุงูุชุดุฌูุน ุงููููู ูุชุดุฌูุน ุงูุชุฃููู ูุงูุชุฑุฌูุฉ ูุงููุดุฑ.', 8, '๐', 'ar', '2025-07-05 14:15:16', '2025-07-05 14:15:16'),
(9, 'Academic Excellence', 'The university aims to graduate distinguished students in the fields of applied and human sciences in a way that meets the requirements of development and the needs of society and the labor market.\r\n\r\n', 1, 'academic', 'en', '2025-07-05 13:51:13', '2025-07-07 16:45:02'),
(10, 'Strong ties', 'Encourage scientific research, innovation, and creativity, and create a competitive environment to address societal problems using available and modern resources.\r\n\r\n', 2, 'research', 'en', '2025-07-05 13:51:13', '2025-07-05 14:20:29'),
(11, 'Community Service', 'Strengthen the relationship between the university and the community in alignment with the values and systems of Yemeni society.\r\n\r\n', 3, 'community', 'en', '2025-07-05 13:51:13', '2025-07-05 14:21:08'),
(12, 'Continuous Development', 'Facilitate and develop research, scientific, and social activities through the studies and consultations offered by the university.\r\n\r\n', 4, 'development', 'en', '2025-07-05 13:51:13', '2025-07-05 14:21:34'),
(13, 'Scientific ties', 'Strive to meet comprehensive quality standards to establish the foundations of university and academic program accreditation and enhance the universityโs reputation locally and regionally.\r\n\r\n', 5, 'โจ', 'en', '2025-07-05 14:22:18', '2025-07-07 16:45:02'),
(14, 'Positive attitudes', 'Establish scientific links and exchange expertise with universities, scientific institutions, and distinguished global bodies.\r\n\r\n', 6, '๐งจ', 'en', '2025-07-05 14:24:09', '2025-07-07 16:45:02'),
(15, 'Excellent academic environment\r\n', 'Promote positive attitudes towards continuous learning, and enhance teamwork skills, cooperation, responsibility, and ethical commitment among graduates.\r\n\r\n', 7, '๐ข', 'en', '2025-07-05 14:24:09', '2025-07-07 16:45:02'),
(16, 'Encouragement', 'Promote professionalism, authorship, translation, and publishing.', 8, '๐', 'en', '2025-07-05 14:28:44', '2025-07-07 16:45:02');

-- --------------------------------------------------------

--
-- ุจููุฉ ุงูุฌุฏูู `university_mission`
--

CREATE TABLE `university_mission` (
  `id` int(11) NOT NULL,
  `title` varchar(255) NOT NULL,
  `content` text NOT NULL,
  `language` varchar(10) NOT NULL DEFAULT 'ar',
  `created_at` timestamp NOT NULL DEFAULT current_timestamp(),
  `updated_at` timestamp NOT NULL DEFAULT current_timestamp() ON UPDATE current_timestamp()
) ENGINE=InnoDB DEFAULT CHARSET=utf8mb4 COLLATE=utf8mb4_general_ci;

--
-- ุฅุฑุฌุงุน ุฃู ุงุณุชูุฑุงุฏ ุจูุงูุงุช ุงูุฌุฏูู `university_mission`
--

INSERT INTO `university_mission` (`id`, `title`, `content`, `language`, `created_at`, `updated_at`) VALUES
(1, 'ุณุงูุฉ ุงูุฌุงูุนุฉ', 'ุฅุนุฏุงุฏ ููุงุฏุฑ ูุคููุฉ ูู ูุฎุชูู ุงูุชุฎุตุตุงุชุ ูุชูุฏูู ุจุฑุงูุฌ ุนูููุฉ ุนุงููุฉ ุงูุฌูุฏุฉ ูุชูุงููุฉ ูุน ูุชุทูุจุงุช ุงูุชูููุฉ ูุงุญุชูุงุฌุงุช ุณูู ุงูุนูู ุถูู ุจูุฆุฉ ุชุนููููุฉ ูุญูุฒุฉ ุนูู ุงูุฅุจุฏุงุน ูุงูุชููุฒ ูุชุทููุฑ ุงูุดุฑุงูุงุช ูุน ุงูุฌุงูุนุงุช ูุงููุคุณุณุงุช ุงูุนูููุฉ ูุงูููุฆุงุช ุงููุชููุฒุฉ ุนุงูููุงู.', 'ar', '2025-07-05 13:51:13', '2025-07-07 16:55:55'),
(2, 'University Mission', 'Preparing qualified personnel in various disciplines and offering high-quality academic programs aligned with development requirements and labor market needs, within a learning environment that fosters creativity and excellence, while developing partnerships with universities, scientific institutions, and globally distinguished bodies.', 'en', '2025-07-05 13:51:13', '2025-07-05 14:08:17');

--
-- Indexes for dumped tables
--

--
-- Indexes for table `about_achievements`
--
ALTER TABLE `about_achievements`
  ADD PRIMARY KEY (`id`);

--
-- Indexes for table `about_achievements_section`
--
ALTER TABLE `about_achievements_section`
  ADD PRIMARY KEY (`id`);

--
-- Indexes for table `about_features`
--
ALTER TABLE `about_features`
  ADD PRIMARY KEY (`id`),
  ADD KEY `about_id` (`about_id`);

--
-- Indexes for table `about_guidelines`
--
ALTER TABLE `about_guidelines`
  ADD PRIMARY KEY (`id`);

--
-- Indexes for table `about_guidelines_section`
--
ALTER TABLE `about_guidelines_section`
  ADD PRIMARY KEY (`id`);

--
-- Indexes for table `about_hero_section`
--
ALTER TABLE `about_hero_section`
  ADD PRIMARY KEY (`id`);

--
-- Indexes for table `about_intro_section`
--
ALTER TABLE `about_intro_section`
  ADD PRIMARY KEY (`id`);

--
-- Indexes for table `about_rules`
--
ALTER TABLE `about_rules`
  ADD PRIMARY KEY (`id`);

--
-- Indexes for table `about_rules_section`
--
ALTER TABLE `about_rules_section`
  ADD PRIMARY KEY (`id`);

--
-- Indexes for table `about_statistics`
--
ALTER TABLE `about_statistics`
  ADD PRIMARY KEY (`id`);

--
-- Indexes for table `about_stats`
--
ALTER TABLE `about_stats`
  ADD PRIMARY KEY (`id`),
  ADD KEY `about_id` (`about_id`);

--
-- Indexes for table `about_university`
--
ALTER TABLE `about_university`
  ADD PRIMARY KEY (`id`);

--
-- Indexes for table `academic_programs`
--
ALTER TABLE `academic_programs`
  ADD PRIMARY KEY (`id`),
  ADD KEY `college_id` (`college_id`);

--
-- Indexes for table `activities`
--
ALTER TABLE `activities`
  ADD PRIMARY KEY (`id`),
  ADD UNIQUE KEY `slug` (`slug`),
  ADD KEY `category_id` (`category_id`);

--
-- Indexes for table `activity_categories`
--
ALTER TABLE `activity_categories`
  ADD PRIMARY KEY (`id`);

--
-- Indexes for table `activity_media`
--
ALTER TABLE `activity_media`
  ADD PRIMARY KEY (`id`),
  ADD KEY `activity_id` (`activity_id`);

--
-- Indexes for table `activity_participants`
--
ALTER TABLE `activity_participants`
  ADD PRIMARY KEY (`id`),
  ADD KEY `activity_id` (`activity_id`);

--
-- Indexes for table `activity_schedule`
--
ALTER TABLE `activity_schedule`
  ADD PRIMARY KEY (`id`),
  ADD KEY `activity_id` (`activity_id`);

--
-- Indexes for table `alumni`
--
ALTER TABLE `alumni`
  ADD PRIMARY KEY (`id`),
  ADD KEY `major_id` (`major_id`),
  ADD KEY `company_id` (`company_id`);

--
-- Indexes for table `alumni_achievements`
--
ALTER TABLE `alumni_achievements`
  ADD PRIMARY KEY (`id`),
  ADD KEY `alumni_id` (`alumni_id`);

--
-- Indexes for table `alumni_colleges`
--
ALTER TABLE `alumni_colleges`
  ADD PRIMARY KEY (`id`);

--
-- Indexes for table `alumni_companies`
--
ALTER TABLE `alumni_companies`
  ADD PRIMARY KEY (`id`);

--
-- Indexes for table `alumni_images`
--
ALTER TABLE `alumni_images`
  ADD PRIMARY KEY (`id`),
  ADD KEY `alumni_id` (`alumni_id`);

--
-- Indexes for table `alumni_majors`
--
ALTER TABLE `alumni_majors`
  ADD PRIMARY KEY (`id`),
  ADD KEY `fk_major_college` (`college_id`);

--
-- Indexes for table `alumni_settings`
--
ALTER TABLE `alumni_settings`
  ADD PRIMARY KEY (`id`);

--
-- Indexes for table `alumni_stories`
--
ALTER TABLE `alumni_stories`
  ADD PRIMARY KEY (`id`),
  ADD UNIQUE KEY `slug_ar_unique` (`slug_ar`),
  ADD UNIQUE KEY `slug_en_unique` (`slug_en`),
  ADD KEY `alumni_id` (`alumni_id`);

--
-- Indexes for table `application_steps`
--
ALTER TABLE `application_steps`
  ADD PRIMARY KEY (`id`);

--
-- Indexes for table `colleges`
--
ALTER TABLE `colleges`
  ADD PRIMARY KEY (`id`);

--
-- Indexes for table `college_goals`
--
ALTER TABLE `college_goals`
  ADD PRIMARY KEY (`id`),
  ADD KEY `college_id` (`college_id`);

--
-- Indexes for table `college_vision_mission`
--
ALTER TABLE `college_vision_mission`
  ADD PRIMARY KEY (`id`),
  ADD KEY `college_id` (`college_id`);

--
-- Indexes for table `contact_info`
--
ALTER TABLE `contact_info`
  ADD PRIMARY KEY (`contact_id`),
  ADD KEY `section_id` (`section_id`);

--
-- Indexes for table `courses`
--
ALTER TABLE `courses`
  ADD PRIMARY KEY (`id`),
  ADD KEY `program_id` (`program_id`);

--
-- Indexes for table `faculties`
--
ALTER TABLE `faculties`
  ADD PRIMARY KEY (`faculty_id`),
  ADD UNIQUE KEY `slug` (`slug`);

--
-- Indexes for table `footer_copyright`
--
ALTER TABLE `footer_copyright`
  ADD PRIMARY KEY (`id`);

--
-- Indexes for table `footer_links`
--
ALTER TABLE `footer_links`
  ADD PRIMARY KEY (`link_id`),
  ADD KEY `section_id` (`section_id`);

--
-- Indexes for table `footer_sections`
--
ALTER TABLE `footer_sections`
  ADD PRIMARY KEY (`section_id`);

--
-- Indexes for table `hero_slides`
--
ALTER TABLE `hero_slides`
  ADD PRIMARY KEY (`slide_id`);

--
-- Indexes for table `job_opportunities`
--
ALTER TABLE `job_opportunities`
  ADD PRIMARY KEY (`id`),
  ADD KEY `program_id` (`program_id`);

--
-- Indexes for table `majors`
--
ALTER TABLE `majors`
  ADD PRIMARY KEY (`id`),
  ADD KEY `college_id` (`college_id`);

--
-- Indexes for table `majorsgrid`
--
ALTER TABLE `majorsgrid`
  ADD PRIMARY KEY (`id`);

--
-- Indexes for table `menu_items`
--
ALTER TABLE `menu_items`
  ADD PRIMARY KEY (`item_id`),
  ADD KEY `parent_id` (`parent_id`);

--
-- Indexes for table `navbar_items`
--
ALTER TABLE `navbar_items`
  ADD PRIMARY KEY (`id`),
  ADD KEY `fk_parent` (`parent_id`);

--
-- Indexes for table `news`
--
ALTER TABLE `news`
  ADD PRIMARY KEY (`id`),
  ADD UNIQUE KEY `slug` (`slug`),
  ADD KEY `author_id` (`author_id`),
  ADD KEY `category_id` (`category_id`),
  ADD KEY `idx_title_en` (`title_en`),
  ADD KEY `idx_content_en` (`content_en`(255));

--
-- Indexes for table `news_authors`
--
ALTER TABLE `news_authors`
  ADD PRIMARY KEY (`id`),
  ADD KEY `idx_name_en` (`name_en`);

--
-- Indexes for table `news_categories`
--
ALTER TABLE `news_categories`
  ADD PRIMARY KEY (`id`),
  ADD KEY `idx_name_en` (`name_en`);

--
-- Indexes for table `news_media`
--
ALTER TABLE `news_media`
  ADD PRIMARY KEY (`id`),
  ADD KEY `news_id` (`news_id`);

--
-- Indexes for table `president_message`
--
ALTER TABLE `president_message`
  ADD PRIMARY KEY (`id`);

--
-- Indexes for table `projects`
--
ALTER TABLE `projects`
  ADD PRIMARY KEY (`id`),
  ADD KEY `program_id` (`program_id`);

--
-- Indexes for table `skills`
--
ALTER TABLE `skills`
  ADD PRIMARY KEY (`id`),
  ADD KEY `program_id` (`program_id`);

--
-- Indexes for table `social_links`
--
ALTER TABLE `social_links`
  ADD PRIMARY KEY (`social_id`),
  ADD KEY `section_id` (`section_id`);

--
-- Indexes for table `stats_section`
--
ALTER TABLE `stats_section`
  ADD PRIMARY KEY (`id`),
  ADD KEY `college_id` (`college_id`);

--
-- Indexes for table `universityintrovideo`
--
ALTER TABLE `universityintrovideo`
  ADD PRIMARY KEY (`id`);

--
-- Indexes for table `university_goals`
--
ALTER TABLE `university_goals`
  ADD PRIMARY KEY (`id`),
  ADD KEY `idx_goal_order` (`goal_order`),
  ADD KEY `idx_language` (`language`);

--
-- Indexes for table `university_mission`
--
ALTER TABLE `university_mission`
  ADD PRIMARY KEY (`id`),
  ADD UNIQUE KEY `unique_mission_lang` (`language`);

--
-- AUTO_INCREMENT for dumped tables
--

--
-- AUTO_INCREMENT for table `about_achievements`
--
ALTER TABLE `about_achievements`
  MODIFY `id` int(11) NOT NULL AUTO_INCREMENT, AUTO_INCREMENT=6;

--
-- AUTO_INCREMENT for table `about_achievements_section`
--
ALTER TABLE `about_achievements_section`
  MODIFY `id` int(11) NOT NULL AUTO_INCREMENT, AUTO_INCREMENT=2;

--
-- AUTO_INCREMENT for table `about_features`
--
ALTER TABLE `about_features`
  MODIFY `id` int(11) NOT NULL AUTO_INCREMENT, AUTO_INCREMENT=17;

--
-- AUTO_INCREMENT for table `about_guidelines`
--
ALTER TABLE `about_guidelines`
  MODIFY `id` int(11) NOT NULL AUTO_INCREMENT, AUTO_INCREMENT=6;

--
-- AUTO_INCREMENT for table `about_guidelines_section`
--
ALTER TABLE `about_guidelines_section`
  MODIFY `id` int(11) NOT NULL AUTO_INCREMENT, AUTO_INCREMENT=2;

--
-- AUTO_INCREMENT for table `about_hero_section`
--
ALTER TABLE `about_hero_section`
  MODIFY `id` int(11) NOT NULL AUTO_INCREMENT, AUTO_INCREMENT=2;

--
-- AUTO_INCREMENT for table `about_intro_section`
--
ALTER TABLE `about_intro_section`
  MODIFY `id` int(11) NOT NULL AUTO_INCREMENT, AUTO_INCREMENT=2;

--
-- AUTO_INCREMENT for table `about_rules`
--
ALTER TABLE `about_rules`
  MODIFY `id` int(11) NOT NULL AUTO_INCREMENT, AUTO_INCREMENT=6;

--
-- AUTO_INCREMENT for table `about_rules_section`
--
ALTER TABLE `about_rules_section`
  MODIFY `id` int(11) NOT NULL AUTO_INCREMENT, AUTO_INCREMENT=2;

--
-- AUTO_INCREMENT for table `about_statistics`
--
ALTER TABLE `about_statistics`
  MODIFY `id` int(11) NOT NULL AUTO_INCREMENT, AUTO_INCREMENT=35;

--
-- AUTO_INCREMENT for table `about_stats`
--
ALTER TABLE `about_stats`
  MODIFY `id` int(11) NOT NULL AUTO_INCREMENT, AUTO_INCREMENT=15;

--
-- AUTO_INCREMENT for table `about_university`
--
ALTER TABLE `about_university`
  MODIFY `id` int(11) NOT NULL AUTO_INCREMENT, AUTO_INCREMENT=2;

--
-- AUTO_INCREMENT for table `academic_programs`
--
ALTER TABLE `academic_programs`
  MODIFY `id` int(11) NOT NULL AUTO_INCREMENT, AUTO_INCREMENT=11;

--
-- AUTO_INCREMENT for table `activities`
--
ALTER TABLE `activities`
  MODIFY `id` int(11) NOT NULL AUTO_INCREMENT, AUTO_INCREMENT=3;

--
-- AUTO_INCREMENT for table `activity_categories`
--
ALTER TABLE `activity_categories`
  MODIFY `id` int(11) NOT NULL AUTO_INCREMENT, AUTO_INCREMENT=8;

--
-- AUTO_INCREMENT for table `activity_media`
--
ALTER TABLE `activity_media`
  MODIFY `id` int(11) NOT NULL AUTO_INCREMENT, AUTO_INCREMENT=9;

--
-- AUTO_INCREMENT for table `activity_participants`
--
ALTER TABLE `activity_participants`
  MODIFY `id` int(11) NOT NULL AUTO_INCREMENT, AUTO_INCREMENT=4;

--
-- AUTO_INCREMENT for table `activity_schedule`
--
ALTER TABLE `activity_schedule`
  MODIFY `id` int(11) NOT NULL AUTO_INCREMENT, AUTO_INCREMENT=5;

--
-- AUTO_INCREMENT for table `alumni`
--
ALTER TABLE `alumni`
  MODIFY `id` int(11) NOT NULL AUTO_INCREMENT, AUTO_INCREMENT=9;

--
-- AUTO_INCREMENT for table `alumni_achievements`
--
ALTER TABLE `alumni_achievements`
  MODIFY `id` int(11) NOT NULL AUTO_INCREMENT, AUTO_INCREMENT=17;

--
-- AUTO_INCREMENT for table `alumni_colleges`
--
ALTER TABLE `alumni_colleges`
  MODIFY `id` int(11) NOT NULL AUTO_INCREMENT, AUTO_INCREMENT=5;

--
-- AUTO_INCREMENT for table `alumni_companies`
--
ALTER TABLE `alumni_companies`
  MODIFY `id` int(11) NOT NULL AUTO_INCREMENT, AUTO_INCREMENT=9;

--
-- AUTO_INCREMENT for table `alumni_images`
--
ALTER TABLE `alumni_images`
  MODIFY `id` int(11) NOT NULL AUTO_INCREMENT, AUTO_INCREMENT=13;

--
-- AUTO_INCREMENT for table `alumni_majors`
--
ALTER TABLE `alumni_majors`
  MODIFY `id` int(11) NOT NULL AUTO_INCREMENT, AUTO_INCREMENT=9;

--
-- AUTO_INCREMENT for table `alumni_settings`
--
ALTER TABLE `alumni_settings`
  MODIFY `id` int(11) NOT NULL AUTO_INCREMENT, AUTO_INCREMENT=2;

--
-- AUTO_INCREMENT for table `alumni_stories`
--
ALTER TABLE `alumni_stories`
  MODIFY `id` int(11) NOT NULL AUTO_INCREMENT, AUTO_INCREMENT=5;

--
-- AUTO_INCREMENT for table `application_steps`
--
ALTER TABLE `application_steps`
  MODIFY `id` int(11) NOT NULL AUTO_INCREMENT, AUTO_INCREMENT=6;

--
-- AUTO_INCREMENT for table `colleges`
--
ALTER TABLE `colleges`
  MODIFY `id` int(11) NOT NULL AUTO_INCREMENT, AUTO_INCREMENT=4;

--
-- AUTO_INCREMENT for table `college_goals`
--
ALTER TABLE `college_goals`
  MODIFY `id` int(11) NOT NULL AUTO_INCREMENT, AUTO_INCREMENT=11;

--
-- AUTO_INCREMENT for table `college_vision_mission`
--
ALTER TABLE `college_vision_mission`
  MODIFY `id` int(11) NOT NULL AUTO_INCREMENT, AUTO_INCREMENT=4;

--
-- AUTO_INCREMENT for table `contact_info`
--
ALTER TABLE `contact_info`
  MODIFY `contact_id` int(11) NOT NULL AUTO_INCREMENT, AUTO_INCREMENT=43;

--
-- AUTO_INCREMENT for table `courses`
--
ALTER TABLE `courses`
  MODIFY `id` int(11) NOT NULL AUTO_INCREMENT, AUTO_INCREMENT=111;

--
-- AUTO_INCREMENT for table `faculties`
--
ALTER TABLE `faculties`
  MODIFY `faculty_id` int(11) NOT NULL AUTO_INCREMENT, AUTO_INCREMENT=10;

--
-- AUTO_INCREMENT for table `footer_copyright`
--
ALTER TABLE `footer_copyright`
  MODIFY `id` int(11) NOT NULL AUTO_INCREMENT, AUTO_INCREMENT=2;

--
-- AUTO_INCREMENT for table `footer_links`
--
ALTER TABLE `footer_links`
  MODIFY `link_id` int(11) NOT NULL AUTO_INCREMENT, AUTO_INCREMENT=45;

--
-- AUTO_INCREMENT for table `footer_sections`
--
ALTER TABLE `footer_sections`
  MODIFY `section_id` int(11) NOT NULL AUTO_INCREMENT, AUTO_INCREMENT=4;

--
-- AUTO_INCREMENT for table `hero_slides`
--
ALTER TABLE `hero_slides`
  MODIFY `slide_id` int(11) NOT NULL AUTO_INCREMENT, AUTO_INCREMENT=15;

--
-- AUTO_INCREMENT for table `job_opportunities`
--
ALTER TABLE `job_opportunities`
  MODIFY `id` int(11) NOT NULL AUTO_INCREMENT, AUTO_INCREMENT=66;

--
-- AUTO_INCREMENT for table `majors`
--
ALTER TABLE `majors`
  MODIFY `id` bigint(20) UNSIGNED NOT NULL AUTO_INCREMENT, AUTO_INCREMENT=20;

--
-- AUTO_INCREMENT for table `majorsgrid`
--
ALTER TABLE `majorsgrid`
  MODIFY `id` int(11) NOT NULL AUTO_INCREMENT, AUTO_INCREMENT=21;

--
-- AUTO_INCREMENT for table `menu_items`
--
ALTER TABLE `menu_items`
  MODIFY `item_id` int(11) NOT NULL AUTO_INCREMENT, AUTO_INCREMENT=5;

--
-- AUTO_INCREMENT for table `navbar_items`
--
ALTER TABLE `navbar_items`
  MODIFY `id` int(11) NOT NULL AUTO_INCREMENT, AUTO_INCREMENT=12;

--
-- AUTO_INCREMENT for table `news`
--
ALTER TABLE `news`
  MODIFY `id` int(11) NOT NULL AUTO_INCREMENT, AUTO_INCREMENT=9;

--
-- AUTO_INCREMENT for table `news_authors`
--
ALTER TABLE `news_authors`
  MODIFY `id` int(11) NOT NULL AUTO_INCREMENT, AUTO_INCREMENT=4;

--
-- AUTO_INCREMENT for table `news_categories`
--
ALTER TABLE `news_categories`
  MODIFY `id` int(11) NOT NULL AUTO_INCREMENT, AUTO_INCREMENT=6;

--
-- AUTO_INCREMENT for table `news_media`
--
ALTER TABLE `news_media`
  MODIFY `id` int(11) NOT NULL AUTO_INCREMENT, AUTO_INCREMENT=11;

--
-- AUTO_INCREMENT for table `president_message`
--
ALTER TABLE `president_message`
  MODIFY `id` int(11) NOT NULL AUTO_INCREMENT, AUTO_INCREMENT=2;

--
-- AUTO_INCREMENT for table `projects`
--
ALTER TABLE `projects`
  MODIFY `id` int(11) NOT NULL AUTO_INCREMENT, AUTO_INCREMENT=30;

--
-- AUTO_INCREMENT for table `skills`
--
ALTER TABLE `skills`
  MODIFY `id` int(11) NOT NULL AUTO_INCREMENT, AUTO_INCREMENT=62;

--
-- AUTO_INCREMENT for table `social_links`
--
ALTER TABLE `social_links`
  MODIFY `social_id` int(11) NOT NULL AUTO_INCREMENT, AUTO_INCREMENT=8;

--
-- AUTO_INCREMENT for table `stats_section`
--
ALTER TABLE `stats_section`
  MODIFY `id` int(11) NOT NULL AUTO_INCREMENT, AUTO_INCREMENT=14;

--
-- AUTO_INCREMENT for table `universityintrovideo`
--
ALTER TABLE `universityintrovideo`
  MODIFY `id` int(11) NOT NULL AUTO_INCREMENT;

--
-- AUTO_INCREMENT for table `university_goals`
--
ALTER TABLE `university_goals`
  MODIFY `id` int(11) NOT NULL AUTO_INCREMENT, AUTO_INCREMENT=19;

--
-- AUTO_INCREMENT for table `university_mission`
--
ALTER TABLE `university_mission`
  MODIFY `id` int(11) NOT NULL AUTO_INCREMENT, AUTO_INCREMENT=3;

--
-- ูููุฏ ุงูุฌุฏุงูู ุงูููููุงุฉ.
--

--
-- ูููุฏ ุงูุฌุฏุงูู `about_features`
--
ALTER TABLE `about_features`
  ADD CONSTRAINT `about_features_ibfk_1` FOREIGN KEY (`about_id`) REFERENCES `about_university` (`id`);

--
-- ูููุฏ ุงูุฌุฏุงูู `about_stats`
--
ALTER TABLE `about_stats`
  ADD CONSTRAINT `about_stats_ibfk_1` FOREIGN KEY (`about_id`) REFERENCES `about_university` (`id`);

--
-- ูููุฏ ุงูุฌุฏุงูู `academic_programs`
--
ALTER TABLE `academic_programs`
  ADD CONSTRAINT `academic_programs_ibfk_1` FOREIGN KEY (`college_id`) REFERENCES `colleges` (`id`) ON DELETE CASCADE;

--
-- ูููุฏ ุงูุฌุฏุงูู `activities`
--
ALTER TABLE `activities`
  ADD CONSTRAINT `activities_ibfk_1` FOREIGN KEY (`category_id`) REFERENCES `activity_categories` (`id`) ON DELETE SET NULL;

--
-- ูููุฏ ุงูุฌุฏุงูู `activity_media`
--
ALTER TABLE `activity_media`
  ADD CONSTRAINT `activity_media_ibfk_1` FOREIGN KEY (`activity_id`) REFERENCES `activities` (`id`) ON DELETE CASCADE;

--
-- ูููุฏ ุงูุฌุฏุงูู `activity_participants`
--
ALTER TABLE `activity_participants`
  ADD CONSTRAINT `activity_participants_ibfk_1` FOREIGN KEY (`activity_id`) REFERENCES `activities` (`id`) ON DELETE CASCADE;

--
-- ูููุฏ ุงูุฌุฏุงูู `activity_schedule`
--
ALTER TABLE `activity_schedule`
  ADD CONSTRAINT `activity_schedule_ibfk_1` FOREIGN KEY (`activity_id`) REFERENCES `activities` (`id`) ON DELETE CASCADE;

--
-- ูููุฏ ุงูุฌุฏุงูู `alumni`
--
ALTER TABLE `alumni`
  ADD CONSTRAINT `alumni_ibfk_1` FOREIGN KEY (`major_id`) REFERENCES `alumni_majors` (`id`) ON DELETE CASCADE,
  ADD CONSTRAINT `alumni_ibfk_2` FOREIGN KEY (`company_id`) REFERENCES `alumni_companies` (`id`) ON DELETE CASCADE;

--
-- ูููุฏ ุงูุฌุฏุงูู `alumni_achievements`
--
ALTER TABLE `alumni_achievements`
  ADD CONSTRAINT `alumni_achievements_ibfk_1` FOREIGN KEY (`alumni_id`) REFERENCES `alumni` (`id`) ON DELETE CASCADE;

--
-- ูููุฏ ุงูุฌุฏุงูู `alumni_images`
--
ALTER TABLE `alumni_images`
  ADD CONSTRAINT `alumni_images_ibfk_1` FOREIGN KEY (`alumni_id`) REFERENCES `alumni` (`id`) ON DELETE CASCADE;

--
-- ูููุฏ ุงูุฌุฏุงูู `alumni_majors`
--
ALTER TABLE `alumni_majors`
  ADD CONSTRAINT `fk_major_college` FOREIGN KEY (`college_id`) REFERENCES `alumni_colleges` (`id`) ON DELETE SET NULL;

--
-- ูููุฏ ุงูุฌุฏุงูู `alumni_stories`
--
ALTER TABLE `alumni_stories`
  ADD CONSTRAINT `alumni_stories_ibfk_1` FOREIGN KEY (`alumni_id`) REFERENCES `alumni` (`id`) ON DELETE CASCADE;

--
-- ูููุฏ ุงูุฌุฏุงูู `college_goals`
--
ALTER TABLE `college_goals`
  ADD CONSTRAINT `fk_college_goals` FOREIGN KEY (`college_id`) REFERENCES `colleges` (`id`) ON DELETE CASCADE ON UPDATE CASCADE;

--
-- ูููุฏ ุงูุฌุฏุงูู `college_vision_mission`
--
ALTER TABLE `college_vision_mission`
  ADD CONSTRAINT `fk_college_vision_mission` FOREIGN KEY (`college_id`) REFERENCES `colleges` (`id`) ON DELETE CASCADE ON UPDATE CASCADE;

--
-- ูููุฏ ุงูุฌุฏุงูู `contact_info`
--
ALTER TABLE `contact_info`
  ADD CONSTRAINT `contact_info_ibfk_1` FOREIGN KEY (`section_id`) REFERENCES `footer_sections` (`section_id`);

--
-- ูููุฏ ุงูุฌุฏุงูู `courses`
--
ALTER TABLE `courses`
  ADD CONSTRAINT `courses_ibfk_1` FOREIGN KEY (`program_id`) REFERENCES `academic_programs` (`id`) ON DELETE CASCADE;

--
-- ูููุฏ ุงูุฌุฏุงูู `footer_links`
--
ALTER TABLE `footer_links`
  ADD CONSTRAINT `footer_links_ibfk_1` FOREIGN KEY (`section_id`) REFERENCES `footer_sections` (`section_id`);

--
-- ูููุฏ ุงูุฌุฏุงูู `job_opportunities`
--
ALTER TABLE `job_opportunities`
  ADD CONSTRAINT `job_opportunities_ibfk_1` FOREIGN KEY (`program_id`) REFERENCES `academic_programs` (`id`) ON DELETE CASCADE;

--
-- ูููุฏ ุงูุฌุฏุงูู `majors`
--
ALTER TABLE `majors`
  ADD CONSTRAINT `majors_ibfk_1` FOREIGN KEY (`college_id`) REFERENCES `colleges` (`id`) ON DELETE CASCADE;

--
-- ูููุฏ ุงูุฌุฏุงูู `menu_items`
--
ALTER TABLE `menu_items`
  ADD CONSTRAINT `menu_items_ibfk_1` FOREIGN KEY (`parent_id`) REFERENCES `menu_items` (`item_id`);

--
-- ูููุฏ ุงูุฌุฏุงูู `navbar_items`
--
ALTER TABLE `navbar_items`
  ADD CONSTRAINT `fk_parent` FOREIGN KEY (`parent_id`) REFERENCES `navbar_items` (`id`) ON DELETE CASCADE;

--
-- ูููุฏ ุงูุฌุฏุงูู `news_media`
--
ALTER TABLE `news_media`
  ADD CONSTRAINT `news_media_ibfk_1` FOREIGN KEY (`news_id`) REFERENCES `news` (`id`) ON DELETE CASCADE;

--
-- ูููุฏ ุงูุฌุฏุงูู `projects`
--
ALTER TABLE `projects`
  ADD CONSTRAINT `projects_ibfk_1` FOREIGN KEY (`program_id`) REFERENCES `academic_programs` (`id`) ON DELETE CASCADE;

--
-- ูููุฏ ุงูุฌุฏุงูู `skills`
--
ALTER TABLE `skills`
  ADD CONSTRAINT `skills_ibfk_1` FOREIGN KEY (`program_id`) REFERENCES `academic_programs` (`id`) ON DELETE CASCADE;

--
-- ูููุฏ ุงูุฌุฏุงูู `social_links`
--
ALTER TABLE `social_links`
  ADD CONSTRAINT `social_links_ibfk_1` FOREIGN KEY (`section_id`) REFERENCES `footer_sections` (`section_id`);

--
-- ูููุฏ ุงูุฌุฏุงูู `stats_section`
--
ALTER TABLE `stats_section`
  ADD CONSTRAINT `stats_section_ibfk_1` FOREIGN KEY (`college_id`) REFERENCES `colleges` (`id`) ON DELETE CASCADE;
COMMIT;

/*!40101 SET CHARACTER_SET_CLIENT=@OLD_CHARACTER_SET_CLIENT */;
/*!40101 SET CHARACTER_SET_RESULTS=@OLD_CHARACTER_SET_RESULTS */;
/*!40101 SET COLLATION_CONNECTION=@OLD_COLLATION_CONNECTION */;
